NomeDoMunicipio, SituacaoUrbana, SituacaoRural, DensidadeMoradorPorComodo[0.0-0.5], DensidadeMoradorPorComodo[0.5-1.0], DensidadeMoradorPorComodo[1.0-2.0], DensidadeMoradorPorComodo[2.0-+], DensidadeMoradorPorDormitorio[1], DensidadeMoradorPorDormitorio[1-2], DensidadeMoradorPorDormitorio[2-3], DensidadeMoradorPorDormitorio[3+], MoradiaAdequada, MoradiaSemiAdequada, MoradiaInadequada
Adamantina,10766,558,7197,3904,223,0,4829,5779,620,96,10065,1244,15
Adolfo,1081,119,710,471,19,0,570,571,42,17,989,207,5
Aguaí,8970,929,4729,4352,769,49,2982,5235,1172,510,7361,2380,158
ÁguasdaPrata,2257,247,1412,982,111,0,1023,1184,234,62,1829,675,0
ÁguasdeLindóia,5540,53,3073,2206,302,12,1954,2905,569,165,4476,1112,5
ÁguasdeSantaBárbara,1433,440,1043,733,86,10,841,827,169,37,1187,667,19
ÁguasdeSãoPedro,990,0,725,254,11,0,492,436,50,12,910,80,0
Agudos,9769,371,4854,4496,755,35,3459,5067,1292,322,8005,2121,14
Alambari,1135,391,689,725,113,0,529,775,171,51,733,777,15
AlfredoMarcondes,1132,217,905,383,61,0,601,639,93,17,1014,325,10
Altair,947,239,599,514,69,4,446,572,122,46,795,391,0
Altinópolis,4301,578,2662,1935,270,12,1868,2354,543,114,3680,1145,53
AltoAlegre,1096,279,838,509,28,0,612,666,73,25,996,363,17
Alumínio,4171,809,1973,2552,444,11,1341,2475,865,299,3009,1971,0
ÁlvaresFlorence,977,451,978,424,26,1,795,581,50,3,926,495,6
ÁlvaresMachado,6646,785,4006,3108,316,0,2178,4355,684,215,5479,1906,46
ÁlvarodeCarvalho,909,103,529,398,79,6,413,451,98,50,768,240,4
Alvinlândia,820,88,477,357,66,9,344,439,71,55,701,202,5
Americana,67399,255,37002,26791,3597,264,25453,33678,6349,2173,57344,10289,20
AméricoBrasiliense,10215,75,4007,5408,853,22,2603,5395,1700,592,7923,2367,0
AméricodeCampos,1672,304,1315,609,51,0,925,901,113,37,1537,433,6
Amparo,16489,4034,10323,9062,1089,48,7154,10750,1971,648,15035,5454,34
Analândia,1103,272,742,550,75,8,383,802,154,35,899,446,30
Andradina,16879,1207,10436,6859,758,34,7480,8803,1437,367,14498,3450,138
Angatuba,5059,1985,3308,3267,459,11,2651,3331,763,299,4584,2383,77
Anhembi,1325,449,881,762,123,9,688,847,172,66,1135,633,6
Anhumas,947,203,613,494,37,6,418,618,98,15,856,288,6
Aparecida,10140,180,4675,4652,949,45,3059,5478,1172,612,8165,2155,0
Aparecidad'Oeste,1295,262,1037,490,30,0,738,714,93,12,1184,361,11
Apiaí,5511,2050,3262,3450,797,53,2658,3603,943,357,3393,4122,47
Araçariguama,4940,0,1568,2454,853,65,1064,2185,1063,628,1854,2942,144
Araçatuba,59507,1054,36991,21168,2278,126,25628,28764,4788,1381,52684,7783,94
AraçoiabadaSerra,5874,2698,4246,3715,571,41,2955,4313,854,450,3217,5329,25
Aramina,1541,112,922,652,80,0,695,785,137,37,1341,308,4
Arandu,1442,456,922,835,124,17,586,1004,212,97,1124,771,3
Arapeí,609,191,420,329,51,0,252,448,77,23,361,427,12
Araraquara,67047,1718,40659,25070,2944,91,28584,33104,5431,1646,60260,8438,67
Araras,34482,1848,19656,14300,2251,124,13202,18549,3399,1180,30735,5578,18
Arco-Íris,376,266,351,270,19,2,264,340,30,8,355,284,3
Arealva,2108,552,1611,959,83,7,1006,1373,245,36,1776,858,26
Areias,726,354,506,482,83,9,388,480,165,47,539,504,37
Areiópolis,2709,321,1018,1748,242,22,786,1661,468,115,2378,652,0
Ariranha,2552,135,1362,1127,189,8,920,1352,314,101,2062,617,8
ArturNogueira,12186,1292,6181,6141,1094,61,3922,7163,1817,575,9700,3756,21
Arujá,20603,817,7870,10082,3145,323,5268,9930,3880,2342,12448,8972,0
Aspásia,427,178,340,258,7,0,258,313,30,4,395,208,3
Assis,30314,787,18872,11163,1027,39,13255,14832,2431,583,27116,3952,33
Atibaia,35106,3247,18280,16355,3396,322,12908,17798,5268,2378,21196,17101,56
Auriflama,4316,407,2771,1809,140,3,2130,2246,272,75,3887,823,13
Avaí,1080,482,804,656,100,2,508,800,204,50,868,684,10
Avanhandava,2900,170,1493,1342,220,15,1097,1500,333,140,2425,629,15
Avaré,25127,1099,14036,10248,1886,57,9770,12690,2756,1011,21056,5101,70
BadyBassitt,4387,317,2621,1958,120,5,1372,2830,408,93,3867,824,13
Balbinos,411,62,282,173,18,0,121,294,51,7,349,124,0
Bálsamo,2536,217,1726,960,64,2,1043,1488,172,49,2284,469,0
Bananal,2641,644,1778,1333,168,6,1196,1688,328,72,2221,1049,14
BarãodeAntonina,642,376,583,355,73,7,445,466,78,30,536,481,1
Barbosa,1784,248,963,928,135,6,632,1085,249,65,1484,518,29
Bariri,9499,488,5326,3979,638,45,3779,4996,886,327,8282,1700,5
BarraBonita,10950,225,6378,4384,390,24,4384,5688,821,283,9836,1339,0
BarradoChapéu,477,1094,657,713,187,13,596,664,231,79,310,1198,63
BarradoTurvo,979,1430,1223,890,262,33,1036,895,290,188,679,1672,58
Barretos,35021,1150,21137,13058,1899,77,15120,16586,3325,1140,30247,5828,95
Barrinha,8327,101,3354,4067,950,57,2278,4238,1326,585,6305,2123,0
Barueri,71809,0,25397,35183,10427,802,17618,33406,13390,7394,48774,23027,8
Bastos,5537,819,3263,2794,294,5,2445,3100,671,140,4843,1381,132
Batatais,15773,1968,10412,6466,845,18,6994,8689,1598,460,14926,2765,50
Bauru,109045,785,64953,39063,5451,363,43776,52950,9514,3590,94602,15194,34
Bebedouro,22649,1069,13207,9236,1207,68,7571,13426,2186,536,19998,3655,65
BentodeAbreu,788,74,502,330,30,0,339,438,67,18,700,162,0
BernardinodeCampos,3142,338,1991,1299,175,14,1499,1625,283,73,2833,628,18
Bertioga,14279,233,5663,6580,2038,231,4037,6197,2635,1642,7773,6739,0
Bilac,2209,183,1508,835,47,1,1030,1168,153,41,2001,383,8
Birigui,34633,967,19475,14551,1506,68,13407,18259,2951,983,30394,5138,68
Biritiba-Mirim,7198,1197,3226,3938,1117,114,2158,3984,1455,797,3810,4560,25
BoaEsperançadoSul,3693,460,1785,1944,406,19,1296,1952,623,282,2942,1193,18
Bocaina,3043,255,1667,1451,162,18,1311,1488,358,140,2589,700,8
Bofete,1978,1187,1646,1284,211,24,1303,1410,329,123,1738,1408,19
Boituva,13913,830,6479,6768,1402,94,4437,7177,2125,1003,9802,4905,36
BomJesusdosPerdões,5400,720,2609,2844,620,47,1832,2823,979,487,4037,2083,0
BomSucessodeItararé,666,318,291,517,144,32,224,504,169,88,476,494,14
Borá,187,52,113,117,9,0,80,133,25,1,166,71,2
Boracéia,1134,123,574,583,99,1,398,666,134,59,954,289,14
Borborema,4314,461,2886,1730,155,4,1900,2388,379,109,3762,1005,8
Borebi,611,88,316,323,55,6,250,344,79,27,505,186,8
Botucatu,39653,1391,23536,15112,2253,143,16657,19127,3872,1388,33994,6962,88
BragançaPaulista,43413,1240,21574,19346,3525,207,15590,21870,4957,2236,31809,12778,67
Braúna,1393,193,860,656,71,0,639,769,148,30,1194,383,9
BrejoAlegre,686,130,380,380,56,0,209,485,101,20,574,240,1
Brodowski,6235,144,3416,2566,398,0,2342,3229,644,165,5424,955,0
Brotas,5922,821,3391,2791,549,11,2335,3541,616,250,5355,1360,28
Buri,4451,1056,2329,2492,642,43,1592,2720,763,431,3245,2116,146
Buritama,4878,317,3032,1932,213,18,1817,2798,476,104,4201,966,28
Buritizal,1127,251,843,506,25,4,648,649,67,14,1046,327,5
CabráliaPaulista,1202,178,727,566,81,5,542,674,132,33,1066,281,33
Cabreúva,10191,1719,3877,6134,1830,69,2686,6066,2025,1133,7098,4758,54
Caçapava,21344,3489,11274,11085,2358,116,7249,13014,3308,1262,17552,7259,22
CachoeiraPaulista,7418,1645,4489,3792,755,26,3403,4042,1130,489,6586,2440,37
Caconde,3896,1796,3018,2314,354,5,2302,2644,544,202,3104,2516,72
Cafelândia,4668,683,2957,2116,261,17,2054,2633,531,133,3961,1335,55
Caiabu,1135,254,866,483,39,0,619,662,86,21,889,487,12
Caieiras,24822,578,9093,12700,3233,374,6259,12275,4187,2679,16865,8535,0
Caiuá,668,951,891,655,72,2,651,796,149,23,664,895,60
Cajamar,18887,381,5965,9801,3157,345,4629,8900,3476,2264,10526,8710,32
Cajati,6202,2247,3654,3873,844,78,2679,3994,1212,563,4327,4091,31
Cajobi,2911,196,1692,1264,146,6,1172,1599,230,106,2544,557,6
Cajuru,6416,803,3807,2880,511,20,2403,3631,905,280,5180,1974,65
CampinadoMonteAlegre,1541,265,902,791,104,10,731,810,216,49,1232,574,0
Campinas,342935,5251,194944,130953,20925,1364,136720,163058,35266,13143,278322,69743,121
CampoLimpoPaulista,21931,0,8495,10633,2589,214,5874,10801,3608,1648,12859,9072,0
CamposdoJordão,14233,70,5983,6928,1351,42,4738,6661,2070,835,9315,4969,20
CamposNovosPaulista,1172,322,786,622,80,7,632,701,130,31,993,483,18
Cananéia,3180,499,1715,1460,448,55,1322,1565,465,328,2209,1414,56
Canas,1127,78,434,615,137,19,292,651,156,105,799,401,5
CândidoMota,9010,566,5075,3917,564,20,3609,4933,802,232,7976,1592,9
CândidoRodrigues,717,152,501,343,22,2,315,475,67,13,659,200,9
Canitar,1146,72,450,626,137,5,316,604,220,78,746,472,0
CapãoBonito,11064,2545,5741,6250,1526,92,4171,6573,1952,913,8717,4757,136
CapeladoAlto,4281,958,2125,2610,472,32,1407,2728,864,240,2558,2661,21
Capivari,13339,645,6085,6557,1243,99,4087,7420,1760,717,10116,3839,30
Caraguatatuba,30683,1264,14405,13710,3607,225,10921,13460,5124,2443,21522,10380,45
Carapicuíba,108617,0,35161,54692,16809,1955,25433,50340,20345,12499,68290,40298,29
Cardoso,3771,365,2531,1459,146,0,2065,1740,277,53,3114,1016,7
CasaBranca,7456,905,4844,2974,493,50,3627,3635,756,343,6389,1957,15
CássiadosCoqueiros,574,263,479,335,19,3,298,430,103,6,478,324,35
Castilho,4359,1202,2842,2452,236,31,2184,2717,517,144,3588,1864,109
Catanduva,37034,251,21496,13938,1779,72,13871,19113,3289,1012,32065,5201,19
Catiguá,2081,152,1126,981,122,4,529,1365,249,89,1732,467,34
Cedral,2104,508,1574,938,100,0,888,1431,216,77,1853,759,0
CerqueiraCésar,5002,537,2763,2405,349,22,2071,2674,586,208,4217,1278,43
Cerquilho,11596,597,6378,5214,571,30,4355,6219,1280,340,9853,2326,14
CesárioLange,3179,1285,2102,2030,325,6,1457,2180,598,228,2340,2110,14
Charqueada,3991,422,1957,2049,390,17,1337,2397,470,209,3206,1194,13
Chavantes,3442,263,1977,1504,225,0,1410,1739,463,94,2881,805,18
Clementina,2063,97,1002,1021,131,5,440,1370,262,89,1710,444,6
Colina,4959,347,2812,2248,232,14,1846,2754,560,146,4194,1106,6
Colômbia,1299,513,938,782,85,8,454,1078,226,54,1157,612,43
Conchal,6767,380,3003,3191,852,100,2172,3482,1042,451,5220,1926,0
Conchas,4252,963,2765,2067,374,9,1994,2426,577,217,3402,1792,21
Cordeirópolis,5778,644,3065,2810,543,4,2190,2956,945,330,4631,1773,18
Coroados,1390,308,914,717,65,3,647,857,145,48,1232,432,34
CoronelMacedo,1263,362,833,698,90,4,544,840,190,51,1042,546,37
Corumbataí,677,537,632,520,61,0,433,601,164,17,600,589,25
Cosmópolis,16615,1165,7817,8289,1605,68,5267,9062,2478,972,13442,4337,0
Cosmorama,1757,810,1743,768,55,0,1275,1132,135,24,1649,910,7
Cotia,58970,0,24563,26774,6856,777,15628,28988,9320,5034,35050,23843,77
Cravinhos,8971,241,4464,4060,651,38,2944,4716,1018,534,7443,1746,24
CristaisPaulista,1703,640,1219,997,127,0,843,1182,238,79,1411,907,26
Cruzália,532,247,473,288,19,0,368,372,34,6,503,269,7
Cruzeiro,22527,590,11578,9585,1811,142,7982,11170,2722,1243,18188,4875,54
Cubatão,36407,0,14050,18374,3568,415,10574,17302,5958,2572,18405,17950,52
Cunha,3942,3076,3592,3031,395,0,2693,3443,680,202,3056,3745,217
Descalvado,8612,935,5230,3870,428,19,2845,5327,1033,341,7369,2117,61
Diadema,117368,0,38076,61744,16176,1371,27270,55565,22055,12478,81028,36306,33
DirceReis,456,133,345,238,6,0,230,316,35,7,431,152,6
Divinolândia,2479,1100,1946,1459,171,3,1522,1739,252,66,2033,1497,50
Dobrada,2382,47,1002,1134,269,24,756,1112,370,192,1815,602,13
DoisCórregos,7243,389,3908,3052,617,54,2756,3598,993,285,5957,1603,73
Dolcinópolis,685,45,455,253,22,0,352,332,38,8,639,91,0
Dourado,2602,236,1485,1230,122,0,1227,1305,228,78,2329,499,9
Dracena,13535,731,9051,4894,321,0,5439,7584,1030,213,12120,2117,29
Duartina,3610,416,2290,1545,191,0,1769,1866,280,111,3244,762,19
Dumont,2297,88,1014,1156,205,9,682,1252,343,108,1839,541,5
Echaporã,1615,403,1142,780,87,10,837,971,161,50,1432,570,17
Eldorado,2203,2044,1793,1902,505,47,1381,1860,700,306,1651,2385,211
EliasFausto,3597,819,1603,2228,536,49,1110,2497,568,241,2829,1566,22
Elisiário,910,84,471,461,62,0,337,513,104,41,763,231,0
Embaúba,689,113,481,298,23,0,291,445,51,15,614,186,2
EmbudasArtes,68156,0,20014,35428,11731,983,14263,31772,13668,8453,36913,31238,5
Embu-Guaçu,17585,506,6614,8767,2556,156,4542,8250,3528,1772,6469,11485,138
Emilianópolis,853,161,553,434,25,1,427,526,49,12,797,207,10
EngenheiroCoelho,3322,1330,1652,2246,692,62,1006,2346,884,416,2361,2250,41
EspíritoSantodoPinhal,11696,1296,6822,5317,832,22,5170,6174,1302,347,10186,2728,77
EspíritoSantodoTurvo,1121,189,551,664,93,1,441,672,156,41,928,380,2
EstivaGerbi,2362,552,1253,1434,224,3,887,1596,326,105,2177,721,17
EstreladoNorte,619,178,405,352,38,2,305,392,89,12,521,269,6
Estrelad'Oeste,2282,448,1705,969,51,5,1135,1359,205,30,2066,636,28
EuclidesdaCunhaPaulista,1956,1018,1402,1387,171,15,907,1654,351,62,1629,1203,141
Fartura,3928,969,2651,1978,263,5,1996,2459,370,71,3598,1280,19
FernandoPrestes,1598,256,1170,626,59,0,855,863,114,23,1471,367,16
Fernandópolis,21145,678,13421,7741,631,30,9212,11067,1293,251,19227,2596,0
Fernão,280,234,268,222,25,0,206,256,38,14,247,267,0
FerrazdeVasconcelos,46340,2028,14050,25234,8402,682,9524,22701,10025,6118,28140,20160,68
FloraRica,510,112,394,218,10,1,300,286,35,1,470,153,0
Floreal,891,192,735,333,15,0,383,625,64,11,836,239,9
FlóridaPaulista,3371,474,2145,1587,109,5,1209,2266,291,79,3109,710,26
Florínia,842,101,533,379,29,1,408,456,58,20,746,189,8
Franca,96070,1650,49814,41906,5791,210,35521,49246,9987,2966,83023,14688,9
FranciscoMorato,43839,80,12250,22217,8440,1012,8616,18711,9955,6637,16313,27552,55
FrancodaRocha,35439,802,11538,18135,5926,642,8241,16337,7187,4476,18629,17497,114
GabrielMonteiro,791,137,633,286,9,0,228,660,37,3,750,177,2
Gália,1831,531,1413,877,65,7,985,1108,219,51,1618,716,27
Garça,12349,1143,7391,5371,706,24,5652,6306,1168,366,10948,2477,67
GastãoVidigal,1137,140,704,435,131,7,519,557,117,84,911,359,6
GaviãoPeixoto,1097,237,521,653,156,4,414,689,173,57,915,403,16
GeneralSalgado,3063,546,2241,1274,94,0,1647,1714,205,43,2957,623,29
Getulina,2645,395,1599,1221,213,7,1256,1399,292,93,2179,851,10
Glicério,1055,369,752,598,71,4,439,813,138,33,921,487,16
Guaiçara,2933,314,1526,1483,222,15,1142,1596,324,184,2312,927,7
Guaimbê,1466,216,830,744,101,7,628,822,175,57,1251,421,10
Guaíra,11513,474,6460,4908,604,14,4716,5831,1200,240,10095,1891,0
Guapiaçu,5060,673,3114,2324,281,14,2168,2784,608,173,4090,1610,33
Guapiara,2202,3186,2252,2584,523,30,1912,2540,650,287,1664,3542,183
Guará,5866,182,2907,2668,446,28,2159,2907,741,241,4599,1434,15
Guaraçaí,2266,577,1690,1046,82,26,1325,1324,147,47,2177,619,47
Guaraci,2854,315,1674,1266,229,0,1097,1585,361,126,2264,901,4
Guaranid'Oeste,624,81,446,241,17,0,357,310,34,3,580,118,8
Guarantã,1672,275,971,819,143,13,606,1068,191,82,1437,482,28
Guararapes,9279,722,5710,4022,269,0,3993,5211,647,151,8456,1535,11
Guararema,6652,1115,3210,3613,908,35,2345,3697,1231,493,3559,4186,22
Guaratinguetá,32577,1606,17879,13727,2398,179,11894,16622,4114,1553,25721,8417,45
Guareí,2599,1091,1708,1648,324,10,1309,1751,474,156,1693,1984,13
Guariba,10403,219,4496,5071,1024,32,3466,5187,1576,393,7872,2751,0
Guarujá,84921,11,33509,40554,10091,779,22918,39507,14709,7798,53704,31078,150
Guarulhos,360515,0,125657,175405,53982,5470,86582,166633,66278,41022,229497,130835,183
Guatapará,1509,540,948,912,182,6,626,1027,307,89,1286,742,20
Guzolândia,1310,222,820,635,77,0,574,774,151,33,1143,368,21
Herculândia,2555,244,1433,1257,110,0,1093,1388,279,38,2116,661,22
Holambra,2455,875,1736,1409,173,13,1212,1704,325,89,1940,1363,27
Hortolândia,55371,0,21628,28002,5423,318,14606,28930,8357,3478,22593,32777,0
Iacanga,2761,345,1750,1183,167,5,905,1835,305,61,2357,737,12
Iacri,1646,442,1189,821,78,0,906,964,172,47,1483,578,27
Iaras,868,515,583,573,199,29,458,624,199,102,641,628,114
Ibaté,8480,323,2933,4889,947,34,1988,4608,1631,576,6328,2475,0
Ibirá,3371,275,2063,1411,171,0,1510,1661,397,78,2722,899,26
Ibirarema,2001,164,1143,894,125,3,910,954,243,57,1666,470,28
Ibitinga,16112,713,8805,6994,1005,21,6520,8054,1758,492,13762,3052,11
Ibiúna,7476,13937,8933,10216,2107,157,6737,10164,3157,1355,4858,16048,508
Icém,2035,331,1222,934,208,2,990,1003,283,89,1824,541,0
Iepê,2190,266,1389,938,122,8,989,1177,253,37,1809,625,22
IgaraçudoTietê,6828,39,2582,3711,543,30,1947,3730,876,313,5600,1267,0
Igarapava,8481,496,5114,3322,520,21,3888,3949,896,244,7215,1750,11
Igaratá,2229,576,1171,1314,293,28,876,1289,456,185,1222,1583,0
Iguape,7842,1233,4248,3747,964,117,3219,3978,1095,783,5173,3646,257
IlhaComprida,3105,0,1649,1137,297,23,1245,1255,395,211,2063,1036,7
IlhaSolteira,7581,475,4823,2938,294,0,3264,4170,493,129,6750,1287,19
Ilhabela,8961,60,3451,4412,1093,65,2746,3978,1532,767,2222,6800,0
Indaiatuba,60772,561,29217,27024,4904,189,20326,30338,7643,3026,47496,13795,42
Indiana,1378,226,866,685,53,0,591,853,135,25,1026,565,13
Indiaporã,1256,166,978,427,17,0,822,545,46,9,1099,323,0
InúbiaPaulista,1034,143,670,477,30,0,554,532,84,6,938,239,0
Ipaussu,4131,194,2245,1860,216,3,1729,2010,429,156,3589,736,0
Iperó,5163,2633,2670,4114,926,86,2018,3744,1359,674,3699,4054,43
Ipeúna,1555,221,874,720,166,17,609,765,280,122,1154,588,34
Ipiguá,874,568,757,612,74,0,550,732,127,32,841,591,10
Iporanga,702,536,571,468,188,11,482,463,201,93,528,640,70
Ipuã,4205,168,2227,1897,245,5,1447,2297,462,168,3561,785,27
Iracemápolis,5840,108,2925,2601,386,37,1829,3196,655,268,4939,1009,0
Irapuã,2007,239,1184,891,156,16,915,975,231,126,1645,592,9
Irapuru,1903,318,1395,744,75,6,1061,975,141,45,1621,593,8
Itaberá,3749,1768,2646,2450,378,43,2112,2545,657,203,2948,2440,130
Itaí,5996,1156,3273,3433,434,12,2481,3582,885,203,4808,2234,110
Itajobi,4121,736,3080,1647,130,0,2099,2402,287,70,3745,1092,20
Itaju,706,268,518,384,70,1,408,462,76,29,641,333,0
Itanhaém,27962,266,14264,10617,2991,355,10056,11500,4027,2644,17291,10819,118
Itaóca,554,437,494,402,82,13,369,452,126,45,293,674,24
ItapecericadaSerra,42342,403,13606,21771,6730,638,9198,19818,8770,4959,14102,28501,142
Itapetininga,39171,3087,19283,18897,3771,306,13730,20087,6123,2318,30238,11935,85
Itapeva,22587,4017,12001,11748,2633,223,8825,12596,3636,1548,17528,8743,333
Itapevi,57598,0,16465,29631,10373,1129,11769,25913,12125,7791,31076,26457,65
Itapira,19747,1442,11631,8530,905,123,8540,10480,1698,471,17339,3851,0
ItapirapuãPaulista,565,594,517,523,106,14,475,467,133,84,389,749,21
Itápolis,12010,1182,7917,4810,447,18,5552,6276,1069,295,10643,2482,67
Itaporanga,3606,1138,2562,1837,328,18,2129,2016,462,138,3021,1648,75
Itapuí,3568,140,1800,1624,261,24,1188,1811,494,215,2692,1016,0
Itapura,1086,252,733,541,64,0,516,630,156,36,342,982,14
Itaquaquecetuba,89680,0,23811,46241,17871,1757,16926,39254,19843,13657,45529,43955,196
Itararé,13982,1180,7193,6696,1209,64,5661,6897,1990,614,10731,4354,76
Itariri,2977,1619,1716,2059,721,100,1317,1930,827,523,1827,2612,157
Itatiba,26392,4732,14917,13398,2650,158,10730,15230,3754,1409,22279,8843,2
Itatinga,4742,487,2076,2613,494,47,1506,2627,771,325,3661,1525,43
Itirapina,3552,458,1933,1766,307,4,1398,1972,430,210,2704,1292,14
Itirapuã,1425,288,828,728,153,5,633,821,177,82,1203,490,19
Itobi,2068,220,988,1116,178,7,764,1130,289,105,1674,600,14
Itu,43615,2862,21285,20191,4651,349,15474,21833,6488,2682,34796,11579,102
Itupeva,11624,1676,4958,6626,1645,71,3466,6385,2394,1055,7466,5834,0
Ituverava,11869,727,7541,4728,306,21,5375,6175,888,158,11186,1379,31
Jaborandi,1894,132,968,899,160,0,809,932,217,68,1530,496,0
Jaboticabal,22055,606,13159,8118,1224,160,8863,11032,2034,731,19208,3431,21
Jacareí,63315,900,29061,29121,5621,413,20762,31518,8161,3773,49427,14748,39
Jaci,1529,224,885,808,60,0,625,931,153,44,1327,415,11
Jacupiranga,3017,2284,2518,2168,538,78,1959,2326,635,382,2957,2185,159
Jaguariúna,13170,369,6581,5923,1022,14,4593,6712,1610,625,10322,3214,4
Jales,15341,937,10403,5565,279,31,7336,8097,677,167,14401,1856,21
Jambeiro,792,856,804,714,127,2,564,818,213,54,851,783,14
Jandira,32527,0,11084,16109,4990,345,7368,15190,6290,3679,20476,12051,0
Jardinópolis,10665,465,5558,4656,834,82,3600,5667,1350,513,8753,2331,45
Jarinu,5511,1586,2917,3401,745,34,2149,3446,955,547,1656,5408,33
Jaú,39801,1119,21790,16393,2640,97,15334,20024,4067,1494,34415,6453,52
Jeriquara,800,170,492,410,64,4,357,483,104,26,710,260,0
Joanópolis,3891,0,2007,1660,214,10,1686,1651,395,159,2310,1576,5
JoãoRamalho,1103,180,669,538,76,0,361,737,144,41,919,349,15
JoséBonifácio,9355,970,5669,4320,336,0,3067,6129,904,225,8114,2161,49
JúlioMesquita,1309,64,682,577,109,5,505,656,147,65,1057,314,2
Jumirim,509,346,395,397,63,1,276,452,99,29,447,406,2
Jundiaí,113593,4672,61047,48210,8589,419,41934,58909,12345,5076,94597,23651,18
Junqueirópolis,5125,663,3435,2160,189,4,2140,3116,421,111,4625,1133,31
Juquiá,3744,2200,2823,2424,613,84,2126,2626,740,451,2615,3116,213
Juquitiba,6698,2048,3664,4026,930,126,2608,4062,1330,746,2310,6236,201
Lagoinha,1083,612,1063,584,41,7,667,818,165,45,866,822,7
LaranjalPaulista,7080,860,3994,3350,576,20,2994,3899,816,231,5778,2162,0
Lavínia,1491,274,1184,540,41,0,827,810,112,15,1345,405,15
Lavrinhas,1709,146,746,892,210,7,525,877,311,141,1077,769,8
Leme,27355,565,12934,12171,2656,159,9180,13691,3588,1460,22194,5683,43
LençóisPaulista,17723,439,9232,7755,1163,11,6300,9466,1958,438,15258,2896,8
Limeira,81839,2575,41541,36622,5794,457,28953,42328,9391,3742,68054,16300,59
Lindóia,2212,0,1152,963,93,3,821,1132,203,55,1500,709,3
Lins,22591,262,13553,8328,897,74,9478,10850,2016,509,19852,2996,5
Lorena,24408,664,12409,10737,1819,106,8896,11749,3215,1213,19682,5365,25
Lourdes,595,118,400,292,21,0,283,375,50,5,529,178,5
Louveira,10655,385,3958,5513,1490,79,2355,6062,1765,859,7304,3727,10
Lucélia,5590,423,3410,2312,288,4,2201,3172,500,139,4995,1008,10
Lucianópolis,568,141,370,314,22,3,254,386,60,9,487,219,2
LuísAntônio,3105,105,1363,1586,256,5,992,1673,388,157,2582,623,5
Luiziânia,1424,135,791,661,107,0,622,733,131,73,1235,318,5
Lupércio,1193,136,688,558,78,5,488,668,121,51,1043,281,5
Lutécia,741,180,521,375,25,0,399,441,71,10,673,235,13
Macatuba,4499,146,2151,2097,379,19,1478,2375,601,191,3687,950,8
Macaubal,2395,293,1701,926,58,3,1228,1291,148,21,2186,488,15
Macedônia,965,283,781,425,38,3,607,542,88,11,848,392,8
Magda,964,175,777,333,29,0,282,784,62,11,893,239,7
Mairinque,10363,2560,5363,6114,1350,96,3553,6551,2004,815,7562,5290,70
Mairiporã,20611,2542,9500,10593,2866,193,6459,10472,4264,1957,9349,13397,407
Manduri,2523,380,1660,1089,145,9,1119,1425,277,82,2246,637,20
MarabáPaulista,742,484,673,516,37,0,551,580,88,7,623,572,31
Maracaí,3949,423,2399,1769,205,0,1641,2302,349,80,3301,1049,22
Marapoama,758,135,552,324,17,0,309,534,43,7,709,176,8
Mariápolis,1048,248,773,463,59,0,574,568,110,44,877,409,10
Marília,65758,2953,39785,26038,2759,129,27949,33504,5734,1524,59197,9371,144
Marinópolis,556,134,389,291,11,0,175,452,56,7,500,184,7
Martinópolis,6699,827,4110,3064,353,0,2846,3786,696,197,5715,1811,0
Matão,23297,413,11721,10336,1584,69,8081,12409,2420,800,19947,3763,0
Mauá,125369,0,44881,63162,16147,1179,29054,61519,22923,11873,83670,41687,12
Mendonça,1283,272,939,564,50,2,546,899,85,25,1189,357,10
Meridiano,889,373,747,481,30,3,442,709,80,31,866,381,15
Mesópolis,506,142,389,235,24,0,305,281,53,8,440,205,3
Miguelópolis,6097,365,3381,2664,388,30,2418,3156,672,216,4745,1696,21
MineirosdoTietê,3495,176,1790,1618,242,22,1295,1826,415,135,2905,753,13
MiraEstrela,720,316,699,303,31,3,592,388,39,17,760,273,3
Miracatu,3232,2977,2539,2739,855,76,2076,2498,953,682,1991,3976,241
Mirandópolis,7225,952,4991,2971,206,9,3512,3990,542,133,6098,2073,6
MirantedoParanapanema,3354,2133,3047,2205,222,13,2234,2658,480,114,2254,3042,190
Mirassol,17003,417,9321,7299,777,24,6448,9302,1338,332,14930,2473,17
Mirassolândia,1157,254,775,578,58,0,463,793,132,22,1050,361,0
Mococa,18820,1482,10902,8044,1263,92,7923,9915,1786,677,16170,3953,178
MogidasCruzes,107831,8555,50433,51597,13104,1251,35301,54628,16520,9937,76089,39975,322
MogiGuaçu,39804,1974,19916,19303,2480,80,14587,21895,4067,1230,34657,7087,34
MojiMirim,25440,1582,14661,10919,1404,38,10252,13752,2335,684,22409,4514,99
Mombuca,769,172,422,416,96,6,272,473,148,48,586,346,9
Monções,650,100,516,226,8,0,359,356,29,6,594,150,6
Mongaguá,14516,42,7302,5645,1499,111,5197,6287,1860,1213,10026,4509,22
MonteAlegredoSul,1381,960,1306,944,88,3,977,1124,186,54,1259,1076,5
MonteAlto,14293,642,8414,5778,724,19,5892,7548,1127,368,12620,2277,38
MonteAprazível,6615,650,4424,2526,292,23,2871,3669,599,127,5648,1584,33
MonteAzulPaulista,5653,368,3478,2209,328,5,2267,3048,542,164,4834,1153,34
MonteCastelo,1118,275,841,517,35,0,591,705,72,24,1019,367,7
MonteMor,13590,860,5964,7009,1406,70,3539,7583,2387,941,7330,7073,48
MonteiroLobato,554,781,665,537,129,5,551,556,153,74,408,919,8
MorroAgudo,8415,383,4023,3791,970,13,2662,4324,1368,444,6512,2264,22
Morungaba,3024,497,1529,1652,315,25,1077,1734,510,200,2268,1237,16
Motuca,979,377,665,633,58,0,461,752,109,33,891,448,16
MurutingadoSul,922,517,912,487,39,2,714,610,80,35,916,488,35
Nantes,752,94,403,402,39,2,299,442,75,30,646,200,0
Narandiba,972,365,619,652,60,6,483,686,146,22,821,481,36
NatividadedaSerra,1011,1395,1390,861,148,7,1074,1014,224,94,927,1433,47
NazaréPaulista,4394,796,2350,2396,408,36,1724,2424,702,340,1559,3496,136
NevesPaulista,2682,278,1793,1098,68,0,1296,1409,203,53,2478,454,28
Nhandeara,3049,633,2477,1129,77,0,1603,1835,204,40,2826,844,12
Nipoã,1232,157,736,558,83,12,276,857,228,28,983,404,2
NovaAliança,1656,329,1162,766,53,4,742,1089,125,29,1527,456,1
NovaCampina,1603,806,832,1257,321,0,645,1234,341,189,941,1424,44
NovaCanaãPaulista,311,431,496,238,9,0,198,503,38,4,292,441,10
NovaCastilho,261,119,236,127,17,0,165,184,26,4,233,143,5
NovaEuropa,2671,192,1325,1338,186,14,800,1609,336,117,2255,608,0
NovaGranada,5776,456,3395,2555,282,0,2395,3153,570,114,4951,1281,0
NovaGuataporanga,659,101,454,281,24,1,388,325,37,11,606,152,3
NovaIndependência,778,174,461,450,41,0,313,506,95,38,624,311,17
NovaLuzitânia,1002,114,586,468,61,0,440,541,102,33,880,236,0
NovaOdessa,15588,224,7657,7039,1081,35,5227,8439,1619,528,13045,2756,11
Novais,1220,131,502,639,198,13,271,685,296,100,827,519,6
NovoHorizonte,11386,850,7079,4595,513,49,5248,5669,1007,311,10054,2120,61
Nuporanga,1966,202,1291,793,84,0,903,1031,199,34,1745,420,3
Ocauçu,1094,272,727,573,66,0,590,631,106,40,970,383,12
Óleo,595,316,586,285,39,0,433,394,69,14,480,421,10
Olímpia,15103,883,9023,6196,734,33,6437,7667,1365,517,12527,3426,33
OndaVerde,945,251,630,514,49,3,450,614,112,20,851,327,18
Oriente,1797,130,1010,821,91,5,732,1007,147,41,1553,374,0
Orindiúva,1632,150,852,861,70,0,653,921,188,20,1430,346,6
Orlândia,11647,316,6085,5144,671,64,4186,6031,1365,382,9918,2038,7
Osasco,201937,0,75050,96729,27238,2920,53558,95765,32970,19644,138348,62997,593
OscarBressane,720,154,569,295,10,0,429,414,28,4,685,178,11
OsvaldoCruz,9403,624,6438,3284,295,9,4843,4448,569,167,8675,1322,30
Ourinhos,32043,766,17721,13348,1663,77,12293,16411,3246,859,27872,4860,77
OuroVerde,2378,196,1384,1087,103,0,723,1518,282,51,1489,1077,8
Ouroeste,2529,250,1640,1065,70,5,1166,1453,141,18,2326,433,20
Pacaembu,3269,378,2294,1237,112,4,1287,2051,254,56,2688,953,6
Palestina,3166,594,2316,1331,108,5,1804,1610,243,103,2422,1304,35
PalmaresPaulista,3091,86,1227,1530,385,35,793,1628,470,286,2333,840,4
Palmeirad'Oeste,2533,762,2181,1027,87,0,1800,1355,108,32,2361,912,22
Palmital,6594,580,4412,2467,273,22,3138,3391,552,93,5929,1213,32
Panorama,4492,128,2304,2008,288,20,1356,2565,494,205,3620,989,11
ParaguaçuPaulista,12104,908,6857,5458,688,9,4967,6421,1298,325,10429,2539,44
Paraibuna,1628,3752,2549,2331,448,53,1927,2483,649,321,1965,3374,41
Paraíso,1678,220,1074,755,65,3,706,1017,130,44,1487,398,14
Paranapanema,4513,1003,2481,2594,408,32,1483,3105,703,224,3421,2009,85
Paranapuã,1154,141,729,530,36,0,464,746,70,14,1047,245,2
Parapuã,3029,625,2160,1313,174,7,1564,1725,256,108,2740,909,5
Pardinho,1376,332,861,716,127,5,675,787,193,53,1046,640,22
Pariquera-Açu,3950,1615,2496,2562,455,53,2037,2461,751,316,3066,2294,205
Parisi,589,122,417,284,10,0,338,322,44,7,537,170,3
PatrocínioPaulista,3183,760,1961,1704,254,25,1515,1941,368,119,2747,1167,30
Paulicéia,1625,299,865,920,140,0,709,930,224,61,666,1249,10
Paulínia,24280,24,12041,10160,2023,80,7895,12417,2794,1199,19144,5120,40
Paulistânia,380,182,276,256,30,0,195,310,51,7,298,250,14
PaulodeFaria,2601,277,1709,1053,112,4,1344,1236,234,63,2308,548,22
Pederneiras,11414,867,5760,5371,1085,65,3715,6721,1258,587,9651,2481,149
PedraBela,471,1360,852,858,117,3,503,1008,233,87,336,1486,9
Pedranópolis,560,324,535,325,24,0,431,409,38,6,515,364,4
Pedregulho,3577,1227,2417,2038,339,10,1953,2196,500,155,3295,1478,32
Pedreira,12672,32,5655,5998,983,69,4205,6312,1610,578,10053,2651,0
PedrinhasPaulista,772,129,508,365,23,5,347,508,34,12,693,205,3
PedrodeToledo,2234,993,1575,1349,276,27,1142,1334,436,315,1523,1666,38
Penápolis,18105,816,11186,6941,767,27,7428,9606,1454,434,16261,2593,68
PereiraBarreto,7508,527,4566,3209,244,17,3528,3815,558,135,6748,1266,21
Pereiras,1606,779,1240,986,155,3,932,1085,275,93,1424,933,28
Peruíbe,19060,232,10070,7215,1869,138,7789,7167,2982,1355,11906,7367,19
Piacatu,1472,158,845,708,69,7,637,826,125,41,1301,328,0
Piedade,7136,8269,6417,7535,1331,123,4871,7382,2276,877,4532,10611,263
PilardoSul,6117,1669,3294,3769,682,42,2559,3780,1108,338,4672,3068,47
Pindamonhangaba,41421,1564,20290,19238,3190,266,12969,22611,5376,2029,33721,9231,33
Pindorama,4571,243,2668,1924,206,17,1868,2381,466,100,3914,887,13
Pinhalzinho,2106,2113,2222,1730,253,15,1350,2279,467,122,1677,2514,28
Piquerobi,911,291,673,472,58,0,538,559,80,25,702,485,14
Piquete,4133,280,2387,1850,144,32,1476,2335,478,124,2836,1572,5
Piracaia,7825,0,3276,3625,833,92,2605,3696,1046,478,4340,3413,72
Piracicaba,110452,2272,58639,45340,8087,658,39992,55420,12137,5175,92709,19991,24
Piraju,8427,871,5262,3558,468,11,3784,4477,778,258,7399,1856,43
Pirajuí,6059,485,3889,2344,297,14,2664,3216,542,122,5213,1322,10
Pirangi,3045,342,1965,1298,124,0,1352,1700,271,64,2711,672,5
PiraporadoBomJesus,4389,0,1285,1955,1036,113,957,1768,951,712,2028,2344,17
Pirapozinho,7369,363,3996,3382,344,10,2689,4131,721,191,6231,1494,7
Pirassununga,20769,1825,13605,7691,1233,65,8480,11476,1980,658,18721,3761,113
Piratininga,3209,475,2139,1361,175,9,1484,1842,283,75,2648,1001,35
Pitangueiras,10260,375,4556,4945,1040,94,3223,5289,1449,674,8126,2482,28
Planalto,1220,198,706,614,98,0,421,799,161,37,1029,387,2
Platina,824,219,526,461,56,0,413,472,139,19,676,358,9
Poá,30076,470,10401,15280,4471,395,6917,14657,5687,3286,20858,9665,23
Poloni,1636,177,1175,560,77,0,518,1088,177,30,1418,369,27
Pompéia,5944,418,3759,2405,198,0,2597,3087,601,77,5225,1112,25
Pongaí,1023,182,748,428,25,4,434,678,73,20,926,279,0
Pontal,11468,216,4095,5694,1758,137,3005,5342,2148,1189,8161,3523,0
Pontalinda,1088,226,742,528,41,3,584,625,90,16,998,313,3
PontesGestal,722,123,488,340,18,0,379,413,38,15,686,159,0
Populina,1219,285,940,518,42,4,691,711,71,31,1149,344,12
Porangaba,1356,1442,1521,1067,204,6,1203,1189,279,128,1339,1430,29
PortoFeliz,12310,2250,6754,6523,1226,58,4745,7605,1608,603,10196,4322,42
PortoFerreira,15580,292,8086,6719,982,85,4531,8773,1783,785,12924,2938,10
Potim,4092,543,1654,2297,647,38,987,2201,884,564,3046,1589,0
Potirendaba,4477,507,2997,1820,162,6,1520,2871,481,112,3909,1065,10
Pracinha,455,55,296,200,14,0,201,237,60,13,365,145,0
Pradópolis,4717,376,2290,2276,483,44,1518,2620,698,257,3842,1186,65
PraiaGrande,83541,0,39097,35552,8166,727,25917,36823,13501,7300,59697,23844,0
Pratânia,1043,331,592,640,136,6,447,680,164,83,891,463,20
PresidenteAlves,1140,206,749,530,65,3,400,788,135,23,995,339,12
PresidenteBernardes,3569,965,2757,1653,124,0,1901,2301,248,85,3054,1398,82
PresidenteEpitácio,12290,863,7075,5263,803,11,5124,6543,1074,411,9765,3298,89
PresidentePrudente,66828,972,42009,23594,2129,67,28609,33344,4468,1378,59949,7809,42
PresidenteVenceslau,11807,574,7432,4510,425,13,5584,5941,703,154,10916,1398,67
Promissão,9375,1576,5666,4685,574,28,4075,5524,991,362,8063,2754,135
Quadra,283,750,503,456,74,0,347,515,111,60,233,797,3
Quatá,3761,248,2161,1708,135,4,1573,2043,346,47,3388,594,27
Queiroz,747,131,381,437,57,4,335,416,91,36,644,226,8
Queluz,2553,448,1291,1388,311,11,945,1469,397,189,1564,1415,22
Quintana,1791,156,1042,821,82,3,812,982,130,23,1623,320,5
Rafard,2260,264,1152,1142,214,16,816,1288,292,128,1889,630,5
Rancharia,8504,904,5121,3747,489,51,3706,4591,844,268,7460,1906,43
RedençãodaSerra,704,560,662,523,72,7,490,589,128,57,359,858,47
RegenteFeijó,5483,452,3262,2422,239,12,2440,2873,490,133,4831,1077,28
Reginópolis,1470,287,1135,526,83,13,881,700,120,56,1292,448,17
Registro,14687,1794,7582,7030,1736,133,5481,7488,2343,1168,10639,5667,175
Restinga,1425,401,729,905,176,15,497,961,254,113,1153,658,15
Ribeira,392,661,559,390,104,0,460,422,134,37,203,830,21
RibeirãoBonito,3467,296,1834,1690,207,32,1308,1781,507,167,2813,909,41
RibeirãoBranco,2736,2575,2065,2562,644,41,1687,2518,849,257,2005,3079,227
RibeirãoCorrente,1021,279,589,636,73,2,396,685,183,36,808,479,13
RibeirãodoSul,1046,363,749,576,81,3,472,777,123,36,803,592,13
RibeirãodosÍndios,632,115,500,237,10,0,360,350,28,9,584,157,6
RibeirãoGrande,692,1546,977,1114,131,15,687,1186,290,75,797,1417,24
RibeirãoPires,33819,0,14555,15782,3245,236,9338,17322,4866,2292,22694,11058,67
RibeirãoPreto,194888,388,114568,70188,9813,706,81417,90656,17254,5948,169081,26155,40
Rifaina,1023,129,677,432,38,5,534,503,91,24,854,298,0
Rincão,2544,560,1474,1353,260,17,1074,1455,417,159,2124,981,0
Rinópolis,2852,417,1893,1222,145,10,1425,1527,243,73,2538,719,12
RioClaro,58442,1285,32480,23421,3620,206,22392,28783,6103,2449,50152,9533,41
RiodasPedras,8415,275,3712,4265,669,45,2510,4583,1186,411,6721,1968,0
RioGrandedaSerra,13185,0,4612,6649,1745,179,2891,6499,2460,1336,7048,6090,47
Riolândia,2630,307,1598,1133,198,8,1258,1266,315,98,2223,696,17
Riversul,1488,556,1114,781,144,5,883,893,181,87,1201,822,21
Rosana,5058,1078,3393,2525,203,15,2477,3129,447,82,4578,1419,139
Roseira,2703,140,1216,1335,282,11,877,1383,385,198,2038,795,10
Rubiácea,498,368,461,370,36,0,315,452,79,20,581,281,3
Rubinéia,824,169,709,257,27,0,473,446,55,18,626,364,3
Sabino,1518,218,1009,654,67,6,659,883,147,47,1303,420,13
Sagres,582,195,417,340,20,0,342,353,78,5,547,229,1
Sales,1647,174,1077,677,64,3,873,789,123,35,1426,383,11
SalesOliveira,2946,288,1791,1283,157,4,1112,1696,353,73,2565,635,34
Salesópolis,2960,1714,1931,2167,544,32,1436,2111,789,338,2118,2534,22
Salmourão,1390,157,807,656,82,2,515,875,138,20,1211,331,5
Saltinho,1846,317,1210,875,75,3,635,1268,206,53,1626,537,0
Salto,31627,228,14021,14515,3077,242,9681,15849,4566,1758,24579,7251,25
SaltodePirapora,9059,2436,4626,5584,1232,54,3217,5717,1828,732,7201,4266,28
SaltoGrande,2608,268,1504,1241,131,0,812,1636,358,71,917,1923,37
Sandovalina,779,333,505,542,65,0,370,583,133,25,624,445,43
SantaAdélia,4390,213,2477,1935,185,6,1505,2510,456,132,3733,837,33
SantaAlbertina,1714,294,1285,669,54,0,930,974,92,12,1580,420,9
SantaBárbarad'Oeste,54488,410,24629,26232,3830,208,16741,29291,6504,2362,45327,9547,24
SantaBranca,3695,547,1922,1842,437,41,1384,1891,688,278,2333,1866,42
SantaClarad'Oeste,524,168,439,235,18,0,272,378,37,5,490,195,7
SantaCruzdaConceição,913,388,789,465,47,0,477,709,106,10,870,427,4
SantaCruzdaEsperança,402,195,309,241,46,0,254,263,58,22,331,258,8
SantaCruzdasPalmeiras,8841,266,3976,3983,1106,42,2802,4529,1234,542,7073,1999,35
SantaCruzdoRioPardo,12786,1195,7821,5441,633,86,5595,7015,901,470,11180,2719,82
SantaErnestina,1538,117,747,800,101,7,497,873,225,61,1261,386,8
SantaFédoSul,9608,383,6374,3461,153,4,3457,5782,649,102,8771,1220,0
SantaGertrudes,6611,39,2566,3451,586,47,1740,3589,968,352,5239,1411,0
SantaIsabel,11990,3272,5396,7545,2196,125,3895,6960,2829,1578,7080,8086,95
SantaLúcia,2284,127,944,1200,264,3,694,1170,412,136,1783,612,16
SantaMariadaSerra,1467,215,716,820,144,3,565,780,234,102,1210,472,0
SantaMercedes,814,122,515,380,39,3,401,419,94,21,579,354,4
SantaRitadoPassaQuatro,7991,778,5755,2744,241,29,3144,4853,559,213,7239,1502,28
SantaRitad'Oeste,637,274,643,257,11,0,306,552,46,8,565,330,16
SantaRosadeViterbo,7072,330,4062,3049,280,11,2972,3730,557,143,6458,944,0
SantaSalete,296,209,369,133,3,0,262,226,13,4,287,213,5
SantanadaPontePensa,420,175,434,157,4,0,291,295,6,3,426,165,4
SantanadeParnaíba,31619,0,14837,11940,4381,461,9327,14030,4664,3598,16826,14755,38
SantoAnastácio,6234,463,3871,2550,266,10,2785,3204,552,156,5471,1200,26
SantoAndré,216255,0,110606,85657,17973,2019,75206,103610,24814,12625,172873,43369,13
SantoAntôniodaAlegria,1553,509,1249,718,89,7,947,901,162,52,1360,697,5
SantoAntôniodePosse,5755,543,2634,2939,716,9,1929,3039,973,357,3937,2347,14
SantoAntôniodoAracanguá,1894,532,1254,1091,78,3,862,1330,198,36,1643,768,14
SantoAntôniodoJardim,1118,702,955,755,104,6,487,1098,196,40,948,813,59
SantoAntôniodoPinhal,1193,800,928,915,147,3,737,945,217,94,713,1273,7
SantoExpedito,857,109,580,353,31,2,467,394,90,15,631,328,7
SantópolisdoAguapeí,1303,44,669,614,59,5,484,692,132,40,1113,234,0
Santos,144488,99,91602,45574,6627,784,61030,64713,13523,5322,122124,22449,14
SãoBentodoSapucaí,1640,1697,1890,1333,114,0,1473,1540,268,56,1680,1638,19
SãoBernardodoCampo,235619,3665,112183,103447,22056,1598,74390,118955,31510,14428,179564,59720,0
SãoCaetanodoSul,50489,0,31432,16500,2387,170,20474,23364,4790,1861,43794,6694,0
SãoCarlos,68927,2686,41086,26814,3591,122,23582,38559,7241,2231,60078,11489,46
SãoFrancisco,756,208,642,311,11,0,433,474,46,10,741,216,7
SãoJoãodaBoaVista,26574,1010,15668,10198,1672,47,11045,13367,2393,779,23045,4491,48
SãoJoãodasDuasPontes,662,190,469,365,18,0,371,443,29,10,675,174,3
SãoJoãodeIracema,485,106,381,193,11,6,261,274,37,19,425,164,2
SãoJoãodoPaud'Alho,599,130,473,242,14,0,312,383,27,7,572,151,6
SãoJoaquimdaBarra,14150,272,7693,5984,721,24,5015,7390,1462,555,12062,2340,20
SãoJosédaBelaVista,2195,311,1168,1073,251,14,790,1244,318,153,1706,765,36
SãoJosédoBarreiro,938,366,720,483,97,4,549,523,175,57,693,570,41
SãoJosédoRioPardo,14204,1675,8368,6692,796,23,6199,7924,1399,356,12488,3291,99
SãoJosédoRioPreto,129947,7180,85183,46701,5043,200,59759,63870,10217,3282,108558,28536,32
SãoJosédosCampos,185635,3815,91372,82687,14502,889,62621,95899,22512,8418,149490,39874,85
SãoLourençodaSerra,3900,391,1818,2017,408,47,1320,1996,606,369,1742,2532,16
SãoLuísdoParaitinga,2035,1430,1970,1332,145,17,1467,1579,281,138,1532,1894,39
SãoManuel,11226,281,5909,4835,720,44,4111,5799,1213,385,9414,2093,0
SãoMiguelArcanjo,6470,3002,4152,4535,748,37,3110,4873,1106,383,4833,4480,159
SãoPaulo,3545601,27908,1701248,1448905,385485,37872,1205408,1588719,497555,281827,2653463,918997,1050
SãoPedro,8727,1658,5931,3689,700,65,4449,4433,1046,457,7420,2914,51
SãoPedrodoTurvo,1664,672,1243,974,115,4,1013,1103,174,46,1496,802,38
SãoRoque,21771,1957,10821,10391,2394,123,7427,11511,3354,1436,12827,10782,119
SãoSebastião,23333,272,10155,10700,2604,147,7405,10536,3978,1686,11992,11614,0
SãoSebastiãodaGrama,2552,1144,2010,1485,200,0,1554,1815,260,68,2288,1371,38
SãoSimão,4018,402,2395,1801,212,12,1713,2153,427,127,3507,907,7
SãoVicente,101487,184,42748,47330,10745,848,28063,46585,17346,9678,69536,32113,22
Sarapuí,2065,770,1322,1288,215,11,960,1321,417,137,1339,1464,32
Sarutaiá,946,199,632,461,51,0,478,550,91,26,846,297,2
SebastianópolisdoSul,825,230,691,346,19,0,494,504,51,6,773,281,1
SerraAzul,2327,249,1147,1155,248,27,816,1235,407,117,1722,826,28
SerraNegra,7687,992,4951,3353,358,17,3356,4266,800,257,5418,3178,83
Serrana,11027,119,4440,5569,1065,72,2700,6157,1696,594,8726,2420,0
Sertãozinho,32696,367,15726,14297,2830,210,10789,16738,4016,1520,27102,5961,0
SeteBarras,2164,1803,1717,1780,434,36,1289,1748,681,249,1725,2191,51
Severínia,4436,215,2085,2228,323,15,1388,2361,653,249,3537,1109,5
Silveiras,848,940,892,747,129,21,735,790,191,72,752,1015,21
Socorro,8379,3764,6561,5016,550,16,5300,5551,1023,269,6168,5869,105
Sorocaba,176967,1767,86221,76433,15067,1013,57297,88006,24099,9331,142375,36336,22
SudMennucci,2089,332,1471,899,47,4,1043,1157,179,42,1874,547,0
Sumaré,72674,841,31391,35883,5896,344,21450,38472,9810,3783,56959,16505,51
Suzanápolis,733,362,589,456,50,0,411,560,101,23,672,387,36
Suzano,72151,2596,25229,36869,11598,1051,17041,35510,13825,8370,46129,28470,148
Tabapuã,3499,251,1991,1608,145,6,1338,2035,285,91,3109,635,6
Tabatinga,3967,634,2313,2001,286,0,1536,2391,538,136,3463,1126,12
TaboãodaSerra,72316,0,26393,35920,9034,969,18489,34015,12260,7552,49994,22322,0
Taciba,1525,275,960,761,77,3,766,880,123,32,1337,450,13
Taguaí,2265,873,1338,1517,272,11,940,1648,401,149,2249,876,14
Taiaçu,1653,173,961,736,121,9,532,970,241,83,1338,473,15
Taiúva,1635,139,1068,622,82,2,568,1007,159,40,1449,319,6
Tambaú,6127,722,3715,2770,351,13,2020,3793,860,176,5201,1612,37
Tanabi,7300,805,4892,2949,254,10,2610,4757,571,166,5895,2172,38
Tapiraí,1625,722,949,1115,260,24,713,1091,388,156,1088,1202,58
Tapiratiba,3189,627,1804,1800,205,6,1374,1984,367,90,2838,959,19
Taquaral,811,37,384,423,41,0,279,454,97,19,692,155,1
Taquaritinga,16562,855,9557,6860,928,73,6682,8470,1635,631,14208,3135,75
Taquarituba,6060,807,3292,3049,525,0,2156,3786,712,213,5118,1695,54
Taquarivaí,798,624,480,771,149,22,358,719,243,102,588,808,26
Tarabai,1883,140,1037,897,84,6,738,1028,206,50,1628,380,15
Tarumã,3747,227,1903,1884,176,11,1397,2042,433,102,3212,747,15
Tatuí,30919,1588,15148,13999,3207,152,10132,15932,4500,1943,23987,8459,60
Taubaté,81963,1793,42193,35531,5699,333,29079,41752,9410,3515,67724,16024,8
Tejupá,893,496,664,567,152,7,503,627,196,63,666,659,64
TeodoroSampaio,5400,1226,3223,3115,277,11,2462,3389,621,154,4599,1898,128
TerraRoxa,2568,130,1425,1170,103,0,871,1537,231,60,2045,653,0
Tietê,10528,958,5983,4661,787,55,4308,5421,1288,469,8765,2697,24
Timburi,662,215,497,337,37,7,423,381,49,23,563,309,5
TorredePedra,500,283,423,314,43,2,372,288,86,36,414,364,5
Torrinha,2518,423,1562,1253,122,4,1185,1374,278,105,2137,793,11
Trabiju,424,40,182,223,55,4,127,234,70,33,327,131,6
Tremembé,9904,751,5022,4445,1121,67,3383,5241,1303,728,7518,3103,34
TrêsFronteiras,1570,292,1187,638,37,0,515,1174,146,26,1399,439,24
Tuiuti,988,907,992,776,120,7,744,885,200,67,552,1329,14
Tupã,20032,788,12610,7417,782,10,9057,9753,1587,422,17824,2933,62
TupiPaulista,3943,626,3167,1316,86,0,2121,2175,215,59,3668,875,27
Turiúba,580,123,481,212,10,0,272,379,38,14,538,159,7
Turmalina,518,194,485,217,10,0,379,311,11,11,494,214,5
Ubarana,1451,151,734,761,107,0,516,836,196,53,1178,421,4
Ubatuba,24493,610,11471,10959,2544,129,8200,10967,4171,1766,10638,14441,24
Ubirajara,1070,373,812,543,84,4,517,749,140,37,875,548,20
Uchoa,2896,217,1842,1119,143,9,1349,1444,239,80,2558,549,6
UniãoPaulista,397,112,271,215,24,0,204,261,27,17,367,136,6
Urânia,2570,452,1897,1086,38,1,1423,1418,160,22,2398,606,19
Uru,377,61,276,153,9,1,118,289,26,4,351,82,4
Urupês,3798,445,2634,1464,134,11,1867,1960,360,56,3379,860,4
ValentimGentil,3234,315,1883,1521,124,22,1466,1747,289,47,2881,658,10
Valinhos,32117,1518,18916,12795,1791,133,12808,16623,3125,1080,26535,7078,22
Valparaíso,5830,334,3126,2512,484,42,2112,3078,737,236,4830,1305,29
Vargem,1342,1437,1255,1258,263,4,934,1403,326,117,827,1950,3
VargemGrandedoSul,11775,585,6517,5006,784,53,4213,6311,1382,454,9911,2303,145
VargemGrandePaulista,12536,0,5109,5549,1693,185,3461,5925,1986,1164,7184,5333,19
VárzeaPaulista,31593,0,9957,17181,4079,376,7168,16237,5461,2727,20933,10659,0
VeraCruz,2883,414,1866,1291,133,7,1182,1668,355,93,2405,852,40
Vinhedo,18814,537,10244,7504,1515,88,6696,9649,2055,951,15106,4199,44
Viradouro,5235,151,2735,2250,380,20,1675,2843,624,244,4311,1070,5
VistaAlegredoAlto,1925,161,1039,873,164,10,598,1147,234,107,1593,489,3
VitóriaBrasil,462,96,318,220,19,0,276,256,17,9,428,130,0
Votorantim,30816,1141,12773,15174,3733,277,8831,15950,4844,2333,23526,8408,24
Votuporanga,28368,793,18354,10043,704,60,12741,14208,1813,399,25968,3174,19
Zacarias,638,161,516,263,15,5,346,397,47,9,587,206,6
