1|07:30:01|27/4/2015|23.2
2|07:31:01|27/4/2015|23.2
3|07:32:01|27/4/2015|23.4
4|07:33:01|27/4/2015|23.5
5|07:34:01|27/4/2015|23.6
6|07:35:01|27/4/2015|23.6
7|07:36:01|27/4/2015|23.7
8|07:37:01|27/4/2015|23.7
9|07:38:01|27/4/2015|23.7
10|07:39:01|27/4/2015|23.8
11|07:40:01|27/4/2015|23.8
12|07:41:01|27/4/2015|23.8
13|07:42:01|27/4/2015|23.8
14|07:43:01|27/4/2015|23.8
15|07:44:01|27/4/2015|23.8
16|07:45:01|27/4/2015|23.8
17|07:46:01|27/4/2015|23.8
18|07:47:01|27/4/2015|23.8
19|07:48:01|27/4/2015|23.8
20|07:49:01|27/4/2015|23.8
21|07:50:01|27/4/2015|23.8
22|07:51:01|27/4/2015|23.8
23|07:52:01|27/4/2015|23.8
24|07:53:01|27/4/2015|23.9
25|07:54:01|27/4/2015|23.9
26|07:55:01|27/4/2015|23.9
27|07:56:01|27/4/2015|23.9
28|07:57:01|27/4/2015|23.9
29|07:58:01|27/4/2015|23.9
30|07:59:01|27/4/2015|23.9
31|08:00:01|27/4/2015|23.9
32|08:01:01|27/4/2015|23.9
33|08:02:01|27/4/2015|23.9
34|08:03:01|27/4/2015|23.9
35|08:04:01|27/4/2015|23.9
36|08:05:01|27/4/2015|23.9
37|08:06:01|27/4/2015|23.9
38|08:07:01|27/4/2015|23.9
39|08:08:01|27/4/2015|23.9
40|08:09:01|27/4/2015|23.9
41|08:10:01|27/4/2015|23.9
42|08:11:01|27/4/2015|23.9
43|08:12:01|27/4/2015|23.9
44|08:13:01|27/4/2015|23.9
45|08:14:01|27/4/2015|23.9
46|08:15:01|27/4/2015|23.9
47|08:16:01|27/4/2015|23.9
48|08:17:01|27/4/2015|23.8
49|08:18:01|27/4/2015|23.8
50|08:19:01|27/4/2015|23.9
51|08:20:01|27/4/2015|24
52|08:21:01|27/4/2015|24.3
53|08:22:01|27/4/2015|24.5
54|08:23:01|27/4/2015|24.8
55|08:24:01|27/4/2015|25
56|08:25:01|27/4/2015|25.2
57|08:26:01|27/4/2015|25.3
58|08:27:01|27/4/2015|25.5
59|08:28:01|27/4/2015|25.6
60|08:29:01|27/4/2015|25.8
61|08:30:01|27/4/2015|25.9
62|08:31:01|27/4/2015|26
63|08:32:01|27/4/2015|26.1
64|08:33:01|27/4/2015|26.1
65|08:34:01|27/4/2015|26.2
66|08:35:01|27/4/2015|26.2
67|08:36:01|27/4/2015|26.2
68|08:37:01|27/4/2015|26.2
69|08:38:01|27/4/2015|26.2
70|08:39:01|27/4/2015|26.2
71|08:40:01|27/4/2015|26.2
72|08:41:01|27/4/2015|26.2
73|08:42:01|27/4/2015|26.1
74|08:43:01|27/4/2015|26.1
75|08:44:01|27/4/2015|26.1
76|08:45:01|27/4/2015|26.1
77|08:46:01|27/4/2015|26
78|08:47:01|27/4/2015|26
79|08:48:01|27/4/2015|26
80|08:49:01|27/4/2015|25.9
81|08:50:01|27/4/2015|25.9
82|08:51:01|27/4/2015|25.9
83|08:52:01|27/4/2015|25.8
84|08:53:01|27/4/2015|25.8
85|08:54:01|27/4/2015|25.8
86|08:55:01|27/4/2015|25.8
87|08:56:01|27/4/2015|25.8
88|08:57:01|27/4/2015|25.8
89|08:58:01|27/4/2015|25.8
90|08:59:01|27/4/2015|25.7
91|09:00:01|27/4/2015|25.7
92|09:01:01|27/4/2015|25.7
93|09:02:01|27/4/2015|25.7
94|09:03:01|27/4/2015|25.7
95|09:04:01|27/4/2015|25.7
96|09:05:01|27/4/2015|25.6
97|09:06:01|27/4/2015|25.6
98|09:07:01|27/4/2015|25.6
99|09:08:01|27/4/2015|25.6
100|09:09:01|27/4/2015|25.6
101|09:10:01|27/4/2015|25.6
102|09:11:01|27/4/2015|25.6
103|09:12:01|27/4/2015|25.6
104|09:13:01|27/4/2015|25.6
105|09:14:01|27/4/2015|25.6
106|09:15:01|27/4/2015|25.6
107|09:16:01|27/4/2015|25.6
108|09:17:01|27/4/2015|25.6
109|09:18:01|27/4/2015|25.6
110|09:19:01|27/4/2015|25.6
111|09:20:01|27/4/2015|25.6
112|09:21:01|27/4/2015|25.6
113|09:22:01|27/4/2015|25.6
114|09:23:01|27/4/2015|25.6
115|09:24:01|27/4/2015|25.6
116|09:25:01|27/4/2015|25.7
117|09:26:01|27/4/2015|25.8
118|09:27:01|27/4/2015|26
119|09:28:01|27/4/2015|26.2
120|09:29:01|27/4/2015|26.5
121|09:30:01|27/4/2015|26.8
122|09:31:01|27/4/2015|27.3
123|09:32:01|27/4/2015|27.7
124|09:33:01|27/4/2015|28
125|09:34:01|27/4/2015|28.2
126|09:35:01|27/4/2015|28.4
127|09:36:01|27/4/2015|28.5
128|09:37:01|27/4/2015|28.7
129|09:38:01|27/4/2015|28.9
130|09:39:01|27/4/2015|29.1
131|09:40:01|27/4/2015|29.3
132|09:41:01|27/4/2015|29.6
133|09:42:01|27/4/2015|29.8
134|09:43:01|27/4/2015|30
135|09:44:01|27/4/2015|30.2
136|09:45:01|27/4/2015|30.5
137|09:46:01|27/4/2015|30.7
138|09:47:01|27/4/2015|31.1
139|09:48:01|27/4/2015|31.3
140|09:49:01|27/4/2015|31.5
141|09:50:01|27/4/2015|31.7
142|09:51:01|27/4/2015|31.9
143|09:52:01|27/4/2015|32
144|09:53:01|27/4/2015|32.1
145|09:54:01|27/4/2015|32.3
146|09:55:01|27/4/2015|32.4
147|09:56:01|27/4/2015|32.5
148|09:57:01|27/4/2015|32.6
149|09:58:01|27/4/2015|32.7
150|09:59:01|27/4/2015|32.7
151|10:00:01|27/4/2015|32.8
152|10:01:01|27/4/2015|32.9
153|10:02:01|27/4/2015|33
154|10:03:01|27/4/2015|33
155|10:04:01|27/4/2015|33.1
156|10:05:01|27/4/2015|33.2
157|10:06:01|27/4/2015|33.3
158|10:07:01|27/4/2015|33.4
159|10:08:01|27/4/2015|33.4
160|10:09:01|27/4/2015|33.5
161|10:10:01|27/4/2015|33.5
162|10:11:01|27/4/2015|33.5
163|10:12:01|27/4/2015|33.6
164|10:13:01|27/4/2015|33.7
165|10:14:01|27/4/2015|33.7
166|10:15:01|27/4/2015|33.8
167|10:16:01|27/4/2015|33.8
168|10:17:01|27/4/2015|33.8
169|10:18:01|27/4/2015|33.9
170|10:19:01|27/4/2015|33.9
171|10:20:01|27/4/2015|34
172|10:21:01|27/4/2015|34
173|10:22:01|27/4/2015|34
174|10:23:01|27/4/2015|34
175|10:24:01|27/4/2015|34.1
176|10:25:01|27/4/2015|34.2
177|10:26:01|27/4/2015|34.2
178|10:27:01|27/4/2015|34.2
179|10:28:01|27/4/2015|34.3
180|10:29:01|27/4/2015|34.3
181|10:30:01|27/4/2015|34.3
182|10:31:01|27/4/2015|34.4
183|10:32:01|27/4/2015|34.4
184|10:33:01|27/4/2015|34.4
185|10:34:01|27/4/2015|34.4
186|10:35:01|27/4/2015|34.5
187|10:36:01|27/4/2015|34.5
188|10:37:01|27/4/2015|34.5
189|10:38:01|27/4/2015|34.5
190|10:39:01|27/4/2015|34.6
191|10:40:01|27/4/2015|34.6
192|10:41:01|27/4/2015|34.6
193|10:42:01|27/4/2015|34.7
194|10:43:01|27/4/2015|34.8
195|10:44:01|27/4/2015|34.8
196|10:45:01|27/4/2015|34.9
197|10:46:01|27/4/2015|34.9
198|10:47:01|27/4/2015|35
199|10:48:01|27/4/2015|35
200|10:49:01|27/4/2015|35.1
201|10:50:01|27/4/2015|35.1
202|10:51:01|27/4/2015|35.1
203|10:52:01|27/4/2015|35.2
204|10:53:01|27/4/2015|35.2
205|10:54:01|27/4/2015|35.2
206|10:55:01|27/4/2015|35.2
207|10:56:01|27/4/2015|35.4
208|10:57:01|27/4/2015|35.4
209|10:58:01|27/4/2015|35.5
210|10:59:01|27/4/2015|35.5
211|11:00:01|27/4/2015|35.6
212|11:01:01|27/4/2015|35.6
213|11:02:01|27/4/2015|35.7
214|11:03:01|27/4/2015|35.7
215|11:04:01|27/4/2015|35.8
216|11:05:01|27/4/2015|36
217|11:06:01|27/4/2015|36
218|11:07:01|27/4/2015|36.1
219|11:08:01|27/4/2015|36.2
220|11:09:01|27/4/2015|36.3
221|11:10:01|27/4/2015|36.3
222|11:11:01|27/4/2015|36.4
223|11:12:01|27/4/2015|36.4
224|11:13:01|27/4/2015|36.6
225|11:14:01|27/4/2015|36.7
226|11:15:01|27/4/2015|36.8
227|11:16:01|27/4/2015|36.8
228|11:17:01|27/4/2015|36.9
229|11:18:01|27/4/2015|36.9
230|11:19:01|27/4/2015|37
231|11:20:01|27/4/2015|37.2
232|11:21:01|27/4/2015|37.2
233|11:22:01|27/4/2015|37.3
234|11:23:01|27/4/2015|37.4
235|11:24:01|27/4/2015|37.4
236|11:25:01|27/4/2015|37.5
237|11:26:01|27/4/2015|37.6
238|11:27:01|27/4/2015|37.8
239|11:28:01|27/4/2015|37.8
240|11:29:01|27/4/2015|37.9
241|11:30:01|27/4/2015|38
242|11:31:01|27/4/2015|38
243|11:32:01|27/4/2015|38.1
244|11:33:01|27/4/2015|38.2
245|11:34:01|27/4/2015|38.2
246|11:35:01|27/4/2015|38.3
247|11:36:01|27/4/2015|38.4
248|11:37:01|27/4/2015|38.5
249|11:38:01|27/4/2015|38.5
250|11:39:01|27/4/2015|38.5
251|11:40:01|27/4/2015|38.6
252|11:41:01|27/4/2015|38.6
253|11:42:01|27/4/2015|38.7
254|11:43:01|27/4/2015|38.7
255|11:44:01|27/4/2015|38.8
256|11:45:01|27/4/2015|38.8
257|11:46:01|27/4/2015|38.9
258|11:47:01|27/4/2015|39
259|11:48:01|27/4/2015|39.1
260|11:49:01|27/4/2015|39.1
261|11:50:01|27/4/2015|39.1
262|11:51:01|27/4/2015|39.2
263|11:52:01|27/4/2015|39.2
264|11:53:01|27/4/2015|39.3
265|11:54:01|27/4/2015|39.3
266|11:55:01|27/4/2015|39.3
267|11:56:01|27/4/2015|39.4
268|11:57:01|27/4/2015|39.4
269|11:58:01|27/4/2015|39.6
270|11:59:01|27/4/2015|39.6
271|12:00:01|27/4/2015|39.7
272|12:01:01|27/4/2015|39.7
273|12:02:01|27/4/2015|39.7
274|12:03:01|27/4/2015|39.8
275|12:04:01|27/4/2015|39.8
276|12:05:01|27/4/2015|39.8
277|12:06:01|27/4/2015|39.8
278|12:07:01|27/4/2015|39.9
279|12:08:01|27/4/2015|39.9
280|12:09:01|27/4/2015|39.9
281|12:10:01|27/4/2015|39.9
282|12:11:01|27/4/2015|39.9
283|12:12:01|27/4/2015|40
284|12:13:01|27/4/2015|40
285|12:14:01|27/4/2015|40
286|12:15:01|27/4/2015|40
287|12:16:01|27/4/2015|40
288|12:17:01|27/4/2015|40
289|12:18:01|27/4/2015|40.1
290|12:19:01|27/4/2015|40.1
291|12:20:01|27/4/2015|40.1
292|12:21:01|27/4/2015|40.2
293|12:22:01|27/4/2015|40.2
294|12:23:01|27/4/2015|40.3
295|12:24:01|27/4/2015|40.3
296|12:25:01|27/4/2015|40.3
297|12:26:01|27/4/2015|40.3
298|12:27:01|27/4/2015|40.3
299|12:28:01|27/4/2015|40.3
300|12:29:01|27/4/2015|40.4
301|12:30:01|27/4/2015|40.4
302|12:31:01|27/4/2015|40.4
303|12:32:01|27/4/2015|40.4
304|12:33:01|27/4/2015|40.4
305|12:34:01|27/4/2015|40.4
306|12:35:01|27/4/2015|40.5
307|12:36:01|27/4/2015|40.5
308|12:37:01|27/4/2015|40.5
309|12:38:01|27/4/2015|40.5
310|12:39:01|27/4/2015|40.5
311|12:40:01|27/4/2015|40.6
312|12:41:01|27/4/2015|40.6
313|12:42:01|27/4/2015|40.6
314|12:43:01|27/4/2015|40.6
315|12:44:01|27/4/2015|40.7
316|12:45:01|27/4/2015|40.8
317|12:46:01|27/4/2015|40.8
318|12:47:01|27/4/2015|40.8
319|12:48:01|27/4/2015|40.8
320|12:49:01|27/4/2015|40.8
321|12:50:01|27/4/2015|40.8
322|12:51:01|27/4/2015|40.9
323|12:52:01|27/4/2015|40.9
324|12:53:01|27/4/2015|40.9
325|12:54:01|27/4/2015|40.9
326|12:55:01|27/4/2015|40.9
327|12:56:01|27/4/2015|40.9
328|12:57:01|27/4/2015|40.9
329|12:58:01|27/4/2015|40.9
330|12:59:01|27/4/2015|40.9
331|13:00:01|27/4/2015|40.9
332|13:01:01|27/4/2015|40.9
333|13:02:01|27/4/2015|40.9
334|13:03:01|27/4/2015|40.9
335|13:04:01|27/4/2015|40.9
336|13:05:01|27/4/2015|40.9
337|13:06:01|27/4/2015|40.9
338|13:07:01|27/4/2015|40.9
339|13:08:01|27/4/2015|40.9
340|13:09:01|27/4/2015|40.9
341|13:10:01|27/4/2015|40.9
342|13:11:01|27/4/2015|40.9
343|13:12:01|27/4/2015|40.9
344|13:13:01|27/4/2015|40.9
345|13:14:01|27/4/2015|40.9
346|13:15:01|27/4/2015|40.9
347|13:16:01|27/4/2015|40.9
348|13:17:01|27/4/2015|40.9
349|13:18:01|27/4/2015|40.9
350|13:19:01|27/4/2015|40.9
351|13:20:01|27/4/2015|40.9
352|13:21:01|27/4/2015|40.9
353|13:22:01|27/4/2015|40.9
354|13:23:01|27/4/2015|40.9
355|13:24:01|27/4/2015|40.9
356|13:25:01|27/4/2015|40.9
357|13:26:01|27/4/2015|40.9
358|13:27:01|27/4/2015|40.9
359|13:28:01|27/4/2015|40.9
360|13:29:01|27/4/2015|40.9
361|13:30:01|27/4/2015|40.9
362|13:31:01|27/4/2015|40.9
363|13:32:01|27/4/2015|40.9
364|13:33:01|27/4/2015|40.9
365|13:34:01|27/4/2015|40.9
366|13:35:01|27/4/2015|40.9
367|13:36:01|27/4/2015|40.9
368|13:37:01|27/4/2015|40.9
369|13:38:01|27/4/2015|40.9
370|13:39:01|27/4/2015|40.9
371|13:40:01|27/4/2015|40.9
372|13:41:01|27/4/2015|40.9
373|13:42:01|27/4/2015|40.9
374|13:43:01|27/4/2015|40.9
375|13:44:01|27/4/2015|40.9
376|13:45:01|27/4/2015|40.9
377|13:46:01|27/4/2015|40.9
378|13:47:01|27/4/2015|40.9
379|13:48:01|27/4/2015|40.9
380|13:49:01|27/4/2015|40.9
381|13:50:01|27/4/2015|40.9
382|13:51:01|27/4/2015|40.9
383|13:52:01|27/4/2015|40.9
384|13:53:01|27/4/2015|40.9
385|13:54:01|27/4/2015|40.9
386|13:55:01|27/4/2015|40.9
387|13:56:01|27/4/2015|40.9
388|13:57:01|27/4/2015|40.9
389|13:58:01|27/4/2015|40.9
390|13:59:01|27/4/2015|40.9
391|14:00:01|27/4/2015|40.9
392|14:01:01|27/4/2015|40.9
393|14:02:01|27/4/2015|40.9
394|14:03:01|27/4/2015|40.9
395|14:04:01|27/4/2015|40.9
396|14:05:01|27/4/2015|40.9
397|14:06:01|27/4/2015|40.9
398|14:07:01|27/4/2015|40.8
399|14:08:01|27/4/2015|40.8
400|14:09:01|27/4/2015|40.8
401|14:10:01|27/4/2015|40.8
402|14:11:01|27/4/2015|40.8
403|14:12:01|27/4/2015|40.8
404|14:13:01|27/4/2015|40.8
405|14:14:01|27/4/2015|40.8
406|14:15:01|27/4/2015|40.8
407|14:16:01|27/4/2015|40.8
408|14:17:01|27/4/2015|40.8
409|14:18:01|27/4/2015|40.8
410|14:19:01|27/4/2015|40.8
411|14:20:01|27/4/2015|40.7
412|14:21:01|27/4/2015|40.7
413|14:22:01|27/4/2015|40.6
414|14:23:01|27/4/2015|40.6
415|14:24:01|27/4/2015|40.6
416|14:25:01|27/4/2015|40.6
417|14:26:01|27/4/2015|40.6
418|14:27:01|27/4/2015|40.6
419|14:28:01|27/4/2015|40.5
420|14:29:01|27/4/2015|40.5
421|14:30:01|27/4/2015|40.5
422|14:31:01|27/4/2015|40.5
423|14:32:01|27/4/2015|40.5
424|14:33:01|27/4/2015|40.5
425|14:34:01|27/4/2015|40.5
426|14:35:01|27/4/2015|40.4
427|14:36:01|27/4/2015|40.4
428|14:37:01|27/4/2015|40.4
429|14:38:01|27/4/2015|40.4
430|14:39:01|27/4/2015|40.4
431|14:40:01|27/4/2015|40.4
432|14:41:01|27/4/2015|40.4
433|14:42:01|27/4/2015|40.4
434|14:43:01|27/4/2015|40.4
435|14:44:01|27/4/2015|40.4
436|14:45:01|27/4/2015|40.3
437|14:46:01|27/4/2015|40.3
438|14:47:01|27/4/2015|40.3
439|14:48:01|27/4/2015|40.2
440|14:49:01|27/4/2015|40.2
441|14:50:01|27/4/2015|40.1
442|14:51:01|27/4/2015|40.1
443|14:52:01|27/4/2015|40.1
444|14:53:01|27/4/2015|40.1
445|14:54:01|27/4/2015|40
446|14:55:01|27/4/2015|40
447|14:56:01|27/4/2015|40
448|14:57:01|27/4/2015|40
449|14:58:01|27/4/2015|40
450|14:59:01|27/4/2015|40
451|15:00:01|27/4/2015|40
452|15:01:01|27/4/2015|40
453|15:02:01|27/4/2015|39.9
454|15:03:01|27/4/2015|39.9
455|15:04:01|27/4/2015|39.9
456|15:05:01|27/4/2015|39.9
457|15:06:01|27/4/2015|39.9
458|15:07:01|27/4/2015|39.9
459|15:08:01|27/4/2015|39.9
460|15:09:01|27/4/2015|39.9
461|15:10:01|27/4/2015|39.9
462|15:11:01|27/4/2015|39.9
463|15:12:01|27/4/2015|39.9
464|15:13:01|27/4/2015|39.9
465|15:14:01|27/4/2015|39.9
466|15:15:01|27/4/2015|39.8
467|15:16:01|27/4/2015|39.8
468|15:17:01|27/4/2015|39.8
469|15:18:01|27/4/2015|39.8
470|15:19:01|27/4/2015|39.8
471|15:20:01|27/4/2015|39.8
472|15:21:01|27/4/2015|39.8
473|15:22:01|27/4/2015|39.8
474|15:23:01|27/4/2015|39.8
475|15:24:01|27/4/2015|39.8
476|15:25:01|27/4/2015|39.8
477|15:26:01|27/4/2015|39.8
478|15:27:01|27/4/2015|39.8
479|15:28:01|27/4/2015|39.7
480|15:29:01|27/4/2015|39.7
481|15:30:01|27/4/2015|39.7
482|15:31:01|27/4/2015|39.7
483|15:32:01|27/4/2015|39.7
484|15:33:01|27/4/2015|39.7
485|15:34:01|27/4/2015|39.7
486|15:35:01|27/4/2015|39.7
487|15:36:01|27/4/2015|39.7
488|15:37:01|27/4/2015|39.7
489|15:38:01|27/4/2015|39.7
490|15:39:01|27/4/2015|39.7
491|15:40:01|27/4/2015|39.6
492|15:41:01|27/4/2015|39.6
493|15:42:01|27/4/2015|39.6
494|15:43:01|27/4/2015|39.6
495|15:44:01|27/4/2015|39.6
496|15:45:01|27/4/2015|39.6
497|15:46:01|27/4/2015|39.6
498|15:47:01|27/4/2015|39.6
499|15:48:01|27/4/2015|39.6
500|15:49:01|27/4/2015|39.5
501|15:50:01|27/4/2015|39.5
502|15:51:01|27/4/2015|39.4
503|15:52:01|27/4/2015|39.4
504|15:53:01|27/4/2015|39.4
505|15:54:01|27/4/2015|39.4
506|15:55:01|27/4/2015|39.4
507|15:56:01|27/4/2015|39.4
508|15:57:01|27/4/2015|39.4
509|15:58:01|27/4/2015|39.4
510|15:59:01|27/4/2015|39.4
511|16:00:01|27/4/2015|39.4
512|16:01:01|27/4/2015|39.4
513|16:02:01|27/4/2015|39.4
514|16:03:01|27/4/2015|39.4
515|16:04:01|27/4/2015|39.4
516|16:05:01|27/4/2015|39.3
517|16:06:01|27/4/2015|39.3
518|16:07:01|27/4/2015|39.3
519|16:08:01|27/4/2015|39.3
520|16:09:01|27/4/2015|39.3
521|16:10:01|27/4/2015|39.3
522|16:11:01|27/4/2015|39.3
523|16:12:01|27/4/2015|39.3
524|16:13:01|27/4/2015|39.3
525|16:14:01|27/4/2015|39.3
526|16:15:01|27/4/2015|39.3
527|16:16:01|27/4/2015|39.3
528|16:17:01|27/4/2015|39.2
529|16:18:01|27/4/2015|39.2
530|16:19:01|27/4/2015|39.2
531|16:20:01|27/4/2015|39.2
532|16:21:01|27/4/2015|39.2
533|16:22:01|27/4/2015|39.2
534|16:23:01|27/4/2015|39.2
535|16:24:01|27/4/2015|39.2
536|16:25:01|27/4/2015|39.2
537|16:26:01|27/4/2015|39.2
538|16:27:01|27/4/2015|39.2
539|16:28:01|27/4/2015|39.2
540|16:29:01|27/4/2015|39.2
541|16:30:01|27/4/2015|39.2
542|16:31:01|27/4/2015|39.1
543|16:32:01|27/4/2015|39.1
544|16:33:01|27/4/2015|39.1
545|16:34:01|27/4/2015|39.1
546|16:35:01|27/4/2015|39.1
547|16:36:01|27/4/2015|39.1
548|16:37:01|27/4/2015|39.1
549|16:38:01|27/4/2015|39.1
550|16:39:01|27/4/2015|39.1
551|16:40:01|27/4/2015|39.1
552|16:41:01|27/4/2015|39.1
553|16:42:01|27/4/2015|39.1
554|16:43:01|27/4/2015|39.1
555|16:44:01|27/4/2015|39
556|16:45:01|27/4/2015|39
557|16:46:01|27/4/2015|39
558|16:47:01|27/4/2015|39
559|16:48:01|27/4/2015|39
560|16:49:01|27/4/2015|38.9
561|16:50:01|27/4/2015|38.9
562|16:51:01|27/4/2015|38.9
563|16:52:01|27/4/2015|38.9
564|16:53:01|27/4/2015|38.9
565|16:54:01|27/4/2015|38.9
566|16:55:01|27/4/2015|38.9
567|16:56:01|27/4/2015|38.9
568|16:57:01|27/4/2015|38.8
569|16:58:01|27/4/2015|38.8
570|16:59:01|27/4/2015|38.8
571|17:00:01|27/4/2015|38.8
572|17:01:01|27/4/2015|38.8
573|17:02:01|27/4/2015|38.8
574|17:03:01|27/4/2015|38.8
575|17:04:01|27/4/2015|38.8
576|17:05:01|27/4/2015|38.8
577|17:06:01|27/4/2015|38.8
578|17:07:01|27/4/2015|38.8
579|17:08:01|27/4/2015|38.8
580|17:09:01|27/4/2015|38.7
581|17:10:01|27/4/2015|38.7
582|17:11:01|27/4/2015|38.7
583|17:12:01|27/4/2015|38.7
584|17:13:01|27/4/2015|38.7
585|17:14:01|27/4/2015|38.7
586|17:15:01|27/4/2015|38.7
587|17:16:01|27/4/2015|38.7
588|17:17:01|27/4/2015|38.7
589|17:18:01|27/4/2015|38.6
590|17:19:01|27/4/2015|38.6
591|17:20:01|27/4/2015|38.6
592|17:21:01|27/4/2015|38.6
593|17:22:01|27/4/2015|38.6
594|17:23:01|27/4/2015|38.6
595|17:24:01|27/4/2015|38.6
596|17:25:01|27/4/2015|38.6
597|17:26:01|27/4/2015|38.6
598|17:27:01|27/4/2015|38.6
599|17:28:01|27/4/2015|38.6
600|17:29:01|27/4/2015|38.6
601|17:30:01|27/4/2015|38.6
602|17:31:01|27/4/2015|38.5
603|17:32:01|27/4/2015|38.5
604|17:33:01|27/4/2015|38.5
605|17:34:01|27/4/2015|38.5
606|17:35:01|27/4/2015|38.5
607|17:36:01|27/4/2015|38.5
608|17:37:01|27/4/2015|38.5
609|17:38:01|27/4/2015|38.5
610|17:39:01|27/4/2015|38.5
611|17:40:01|27/4/2015|38.5
612|17:41:01|27/4/2015|38.5
613|17:42:01|27/4/2015|38.5
614|17:43:01|27/4/2015|38.4
615|17:44:01|27/4/2015|38.4
616|17:45:01|27/4/2015|38.4
617|17:46:01|27/4/2015|38.4
618|17:47:01|27/4/2015|38.4
619|17:48:01|27/4/2015|38.4
620|17:49:01|27/4/2015|38.4
621|17:50:01|27/4/2015|38.4
622|17:51:01|27/4/2015|38.4
623|17:52:01|27/4/2015|38.4
624|17:53:01|27/4/2015|38.3
625|17:54:01|27/4/2015|38.2
626|17:55:01|27/4/2015|38.2
627|17:56:01|27/4/2015|38.2
628|17:57:01|27/4/2015|38.2
629|17:58:01|27/4/2015|38.2
630|17:59:01|27/4/2015|38.2
631|18:00:01|27/4/2015|38.2
632|18:01:01|27/4/2015|38.2
633|18:02:01|27/4/2015|38.2
634|18:03:01|27/4/2015|38.2
635|18:04:01|27/4/2015|38.2
636|18:05:01|27/4/2015|38.2
637|18:06:01|27/4/2015|38.2
638|18:07:01|27/4/2015|38.1
639|18:08:01|27/4/2015|38.1
640|18:09:01|27/4/2015|38.1
641|18:10:01|27/4/2015|38.1
642|18:11:01|27/4/2015|38.1
643|18:12:01|27/4/2015|38.1
644|18:13:01|27/4/2015|38.1
645|18:14:01|27/4/2015|38.1
646|18:15:01|27/4/2015|38.1
647|18:16:01|27/4/2015|38.1
648|18:17:01|27/4/2015|38.1
649|18:18:01|27/4/2015|38
650|18:19:01|27/4/2015|38
651|18:20:01|27/4/2015|38
652|18:21:01|27/4/2015|38
653|18:22:01|27/4/2015|38
654|18:23:01|27/4/2015|38
655|18:24:01|27/4/2015|38
656|18:25:01|27/4/2015|38
657|18:26:01|27/4/2015|38
658|18:27:01|27/4/2015|38
659|18:28:01|27/4/2015|38
660|18:29:01|27/4/2015|38
661|18:30:01|27/4/2015|38
662|18:31:01|27/4/2015|38
663|18:32:01|27/4/2015|37.9
664|18:33:01|27/4/2015|37.9
665|18:34:01|27/4/2015|37.9
666|18:35:01|27/4/2015|37.9
667|18:36:01|27/4/2015|37.9
668|18:37:01|27/4/2015|37.9
669|18:38:01|27/4/2015|37.9
670|18:39:01|27/4/2015|37.9
671|18:40:01|27/4/2015|37.9
672|18:41:01|27/4/2015|37.9
673|18:42:01|27/4/2015|37.9
674|18:43:01|27/4/2015|37.8
675|18:44:01|27/4/2015|37.8
676|18:45:01|27/4/2015|37.8
677|18:46:01|27/4/2015|37.8
678|18:47:01|27/4/2015|37.8
679|18:48:01|27/4/2015|37.8
680|18:49:01|27/4/2015|37.8
681|18:50:01|27/4/2015|37.8
682|18:51:01|27/4/2015|37.8
683|18:52:01|27/4/2015|37.8
684|18:53:01|27/4/2015|37.8
685|18:54:01|27/4/2015|37.8
686|18:55:01|27/4/2015|37.7
687|18:56:01|27/4/2015|37.6
688|18:57:01|27/4/2015|37.6
689|18:58:01|27/4/2015|37.6
690|18:59:01|27/4/2015|37.6
691|19:00:01|27/4/2015|37.6
692|19:01:01|27/4/2015|37.6
693|19:02:01|27/4/2015|37.6
694|19:03:01|27/4/2015|37.6
695|19:04:01|27/4/2015|37.6
696|19:05:01|27/4/2015|37.6
697|19:06:01|27/4/2015|37.6
698|19:07:01|27/4/2015|37.6
699|19:08:01|27/4/2015|37.5
700|19:09:01|27/4/2015|37.5
701|19:10:01|27/4/2015|37.5
702|19:11:01|27/4/2015|37.5
703|19:12:01|27/4/2015|37.5
704|19:13:01|27/4/2015|37.5
705|19:14:01|27/4/2015|37.5
706|19:15:01|27/4/2015|37.5
707|19:16:01|27/4/2015|37.5
708|19:17:01|27/4/2015|37.5
709|19:18:01|27/4/2015|37.5
710|19:19:01|27/4/2015|37.5
711|19:20:01|27/4/2015|37.4
712|19:21:01|27/4/2015|37.4
713|19:22:01|27/4/2015|37.4
714|19:23:01|27/4/2015|37.4
715|19:24:01|27/4/2015|37.4
716|19:25:01|27/4/2015|37.4
717|19:26:01|27/4/2015|37.4
718|19:27:01|27/4/2015|37.4
719|19:28:01|27/4/2015|37.4
720|19:29:01|27/4/2015|37.4
721|19:30:01|27/4/2015|37.4
722|19:31:01|27/4/2015|37.4
723|19:32:01|27/4/2015|37.3
724|19:33:01|27/4/2015|37.3
725|19:34:01|27/4/2015|37.3
726|19:35:01|27/4/2015|37.3
727|19:36:01|27/4/2015|37.3
728|19:37:01|27/4/2015|37.3
729|19:38:01|27/4/2015|37.3
730|19:39:01|27/4/2015|37.3
731|19:40:01|27/4/2015|37.3
732|19:41:01|27/4/2015|37.3
733|19:42:01|27/4/2015|37.3
734|19:43:01|27/4/2015|37.2
735|19:44:01|27/4/2015|37.2
736|19:45:01|27/4/2015|37.2
737|19:46:01|27/4/2015|37.2
738|19:47:01|27/4/2015|37.2
739|19:48:01|27/4/2015|37.2
740|19:49:01|27/4/2015|37.2
741|19:50:01|27/4/2015|37.2
742|19:51:01|27/4/2015|37.2
743|19:52:01|27/4/2015|37.2
744|19:53:01|27/4/2015|37.1
745|19:54:01|27/4/2015|37.1
746|19:55:01|27/4/2015|37.1
747|19:56:01|27/4/2015|37.1
748|19:57:01|27/4/2015|37.1
749|19:58:01|27/4/2015|37
750|19:59:01|27/4/2015|37
751|20:00:01|27/4/2015|37
752|20:01:01|27/4/2015|37
753|20:02:01|27/4/2015|37
754|20:03:01|27/4/2015|37
755|20:04:01|27/4/2015|37
756|20:05:01|27/4/2015|37
757|20:06:01|27/4/2015|37
758|20:07:01|27/4/2015|37
759|20:08:01|27/4/2015|37
760|20:09:01|27/4/2015|36.9
761|20:10:01|27/4/2015|36.9
762|20:11:01|27/4/2015|36.9
763|20:12:01|27/4/2015|36.9
764|20:13:01|27/4/2015|36.9
765|20:14:01|27/4/2015|36.9
766|20:15:01|27/4/2015|36.9
767|20:16:01|27/4/2015|36.9
768|20:17:01|27/4/2015|36.9
769|20:18:01|27/4/2015|36.9
770|20:19:01|27/4/2015|36.9
771|20:20:01|27/4/2015|36.9
772|20:21:01|27/4/2015|36.8
773|20:22:01|27/4/2015|36.8
774|20:23:01|27/4/2015|36.8
775|20:24:01|27/4/2015|36.8
776|20:25:01|27/4/2015|36.8
777|20:26:01|27/4/2015|36.8
778|20:27:01|27/4/2015|36.8
779|20:28:01|27/4/2015|36.8
780|20:29:01|27/4/2015|36.8
781|20:30:01|27/4/2015|36.8
782|20:31:01|27/4/2015|36.8
783|20:32:01|27/4/2015|36.8
784|20:33:01|27/4/2015|36.7
785|20:34:01|27/4/2015|36.7
786|20:35:01|27/4/2015|36.7
787|20:36:01|27/4/2015|36.7
788|20:37:01|27/4/2015|36.7
789|20:38:01|27/4/2015|36.7
790|20:39:01|27/4/2015|36.7
791|20:40:01|27/4/2015|36.7
792|20:41:01|27/4/2015|36.7
793|20:42:01|27/4/2015|36.7
794|20:43:01|27/4/2015|36.7
795|20:44:01|27/4/2015|36.7
796|20:45:01|27/4/2015|36.6
797|20:46:01|27/4/2015|36.6
798|20:47:01|27/4/2015|36.6
799|20:48:01|27/4/2015|36.6
800|20:49:01|27/4/2015|36.6
801|20:50:01|27/4/2015|36.6
802|20:51:01|27/4/2015|36.6
803|20:52:01|27/4/2015|36.6
804|20:53:01|27/4/2015|36.6
805|20:54:01|27/4/2015|36.6
806|20:55:01|27/4/2015|36.6
807|20:56:01|27/4/2015|36.6
808|20:57:01|27/4/2015|36.6
809|20:58:01|27/4/2015|36.5
810|20:59:01|27/4/2015|36.5
811|21:00:01|27/4/2015|36.4
812|21:01:01|27/4/2015|36.4
813|21:02:01|27/4/2015|36.4
814|21:03:01|27/4/2015|36.4
815|21:04:01|27/4/2015|36.4
816|21:05:01|27/4/2015|36.4
817|21:06:01|27/4/2015|36.4
818|21:07:01|27/4/2015|36.4
819|21:08:01|27/4/2015|36.4
820|21:09:01|27/4/2015|36.3
821|21:10:01|27/4/2015|36.3
822|21:11:01|27/4/2015|36.3
823|21:12:01|27/4/2015|36.3
824|21:13:01|27/4/2015|36.3
825|21:14:01|27/4/2015|36.3
826|21:15:01|27/4/2015|36.3
827|21:16:01|27/4/2015|36.3
828|21:17:01|27/4/2015|36.3
829|21:18:01|27/4/2015|36.3
830|21:19:01|27/4/2015|36.3
831|21:20:01|27/4/2015|36.3
832|21:21:01|27/4/2015|36.3
833|21:22:01|27/4/2015|36.2
834|21:23:01|27/4/2015|36.2
835|21:24:01|27/4/2015|36.2
836|21:25:01|27/4/2015|36.2
837|21:26:01|27/4/2015|36.2
838|21:27:01|27/4/2015|36.2
839|21:28:01|27/4/2015|36.2
840|21:29:01|27/4/2015|36.2
841|21:30:01|27/4/2015|36.2
842|21:31:01|27/4/2015|36.2
843|21:32:01|27/4/2015|36.2
844|21:33:01|27/4/2015|36.1
845|21:34:01|27/4/2015|36.1
846|21:35:01|27/4/2015|36.1
847|21:36:01|27/4/2015|36.1
848|21:37:01|27/4/2015|36.1
849|21:38:01|27/4/2015|36.1
850|21:39:01|27/4/2015|36.1
851|21:40:01|27/4/2015|36.1
852|21:41:01|27/4/2015|36.1
853|21:42:01|27/4/2015|36.1
854|21:43:01|27/4/2015|36.1
855|21:44:01|27/4/2015|36.1
856|21:45:01|27/4/2015|36.1
857|21:46:01|27/4/2015|36
858|21:47:01|27/4/2015|36
859|21:48:01|27/4/2015|36
860|21:49:01|27/4/2015|36
861|21:50:01|27/4/2015|36
862|21:51:01|27/4/2015|36
863|21:52:01|27/4/2015|36
864|21:53:01|27/4/2015|36
865|21:54:01|27/4/2015|36
866|21:55:01|27/4/2015|36
867|21:56:01|27/4/2015|36
868|21:57:01|27/4/2015|35.9
869|21:58:01|27/4/2015|35.9
870|21:59:01|27/4/2015|35.8
871|22:00:01|27/4/2015|35.8
872|22:01:01|27/4/2015|35.8
873|22:02:01|27/4/2015|35.8
874|22:03:01|27/4/2015|35.8
875|22:04:01|27/4/2015|35.8
876|22:05:01|27/4/2015|35.8
877|22:06:01|27/4/2015|35.8
878|22:07:01|27/4/2015|35.8
879|22:08:01|27/4/2015|35.8
880|22:09:01|27/4/2015|35.7
881|22:10:01|27/4/2015|35.7
882|22:11:01|27/4/2015|35.7
883|22:12:01|27/4/2015|35.7
884|22:13:01|27/4/2015|35.7
885|22:14:01|27/4/2015|35.7
886|22:15:01|27/4/2015|35.7
887|22:16:01|27/4/2015|35.7
888|22:17:01|27/4/2015|35.7
889|22:18:01|27/4/2015|35.7
890|22:19:01|27/4/2015|35.7
891|22:20:01|27/4/2015|35.6
892|22:21:01|27/4/2015|35.6
893|22:22:01|27/4/2015|35.6
894|22:23:01|27/4/2015|35.6
895|22:24:01|27/4/2015|35.6
896|22:25:01|27/4/2015|35.6
897|22:26:01|27/4/2015|35.6
898|22:27:01|27/4/2015|35.6
899|22:28:01|27/4/2015|35.6
900|22:29:01|27/4/2015|35.6
901|22:30:01|27/4/2015|35.6
902|22:31:01|27/4/2015|35.6
903|22:32:01|27/4/2015|35.6
904|22:33:01|27/4/2015|35.5
905|22:34:01|27/4/2015|35.5
906|22:35:01|27/4/2015|35.5
907|22:36:01|27/4/2015|35.5
908|22:37:01|27/4/2015|35.5
909|22:38:01|27/4/2015|35.5
910|22:39:01|27/4/2015|35.5
911|22:40:01|27/4/2015|35.5
912|22:41:01|27/4/2015|35.5
913|22:42:01|27/4/2015|35.5
914|22:43:01|27/4/2015|35.5
915|22:44:01|27/4/2015|35.5
916|22:45:01|27/4/2015|35.5
917|22:46:01|27/4/2015|35.4
918|22:47:01|27/4/2015|35.4
919|22:48:01|27/4/2015|35.4
920|22:49:01|27/4/2015|35.4
921|22:50:01|27/4/2015|35.4
922|22:51:01|27/4/2015|35.4
923|22:52:01|27/4/2015|35.4
924|22:53:01|27/4/2015|35.4
925|22:54:01|27/4/2015|35.4
926|22:55:01|27/4/2015|35.4
927|22:56:01|27/4/2015|35.4
928|22:57:01|27/4/2015|35.3
929|22:58:01|27/4/2015|35.3
930|22:59:01|27/4/2015|35.2
931|23:00:01|27/4/2015|35.2
932|23:01:01|27/4/2015|35.2
933|23:02:01|27/4/2015|35.2
934|23:03:01|27/4/2015|35.2
935|23:04:01|27/4/2015|35.2
936|23:05:01|27/4/2015|35.2
937|23:06:01|27/4/2015|35.2
938|23:07:01|27/4/2015|35.2
939|23:08:01|27/4/2015|35.2
940|23:09:01|27/4/2015|35.2
941|23:10:01|27/4/2015|35.1
942|23:11:01|27/4/2015|35.1
943|23:12:01|27/4/2015|35.1
944|23:13:01|27/4/2015|35.1
945|23:14:01|27/4/2015|35.1
946|23:15:01|27/4/2015|35.1
947|23:16:01|27/4/2015|35.1
948|23:17:01|27/4/2015|35.1
949|23:18:01|27/4/2015|35.1
950|23:19:01|27/4/2015|35.1
951|23:20:01|27/4/2015|35.1
952|23:21:01|27/4/2015|35.1
953|23:22:01|27/4/2015|35
954|23:23:01|27/4/2015|35
955|23:24:01|27/4/2015|35
956|23:25:01|27/4/2015|35
957|23:26:01|27/4/2015|35
958|23:27:01|27/4/2015|35
959|23:28:01|27/4/2015|35
960|23:29:01|27/4/2015|35
961|23:30:01|27/4/2015|35
962|23:31:01|27/4/2015|34.9
963|23:32:01|27/4/2015|34.9
964|23:33:01|27/4/2015|34.9
965|23:34:01|27/4/2015|34.9
966|23:35:01|27/4/2015|34.9
967|23:36:01|27/4/2015|34.9
968|23:37:01|27/4/2015|34.9
969|23:38:01|27/4/2015|34.9
970|23:39:01|27/4/2015|34.9
971|23:40:01|27/4/2015|34.9
972|23:41:01|27/4/2015|34.9
973|23:42:01|27/4/2015|34.8
974|23:43:01|27/4/2015|34.8
975|23:44:01|27/4/2015|34.8
976|23:45:01|27/4/2015|34.8
977|23:46:01|27/4/2015|34.8
978|23:47:01|27/4/2015|34.8
979|23:48:01|27/4/2015|34.8
980|23:49:01|27/4/2015|34.8
981|23:50:01|27/4/2015|34.8
982|23:51:01|27/4/2015|34.8
983|23:52:01|27/4/2015|34.8
984|23:53:01|27/4/2015|34.7
985|23:54:01|27/4/2015|34.7
986|23:55:01|27/4/2015|34.7
987|23:56:01|27/4/2015|34.6
988|23:57:01|27/4/2015|34.6
989|23:58:01|27/4/2015|34.6
990|23:59:01|27/4/2015|34.6
991|00:00:01|28/4/2015|34.6
992|00:01:01|28/4/2015|34.6
993|00:02:01|28/4/2015|34.6
994|00:03:01|28/4/2015|34.6
995|00:04:01|28/4/2015|34.6
996|00:05:01|28/4/2015|34.6
997|00:06:01|28/4/2015|34.6
998|00:07:01|28/4/2015|34.5
999|00:08:01|28/4/2015|34.5
1000|00:09:01|28/4/2015|34.5
1001|00:10:01|28/4/2015|34.5
1002|00:11:01|28/4/2015|34.5
1003|00:12:01|28/4/2015|34.5
1004|00:13:01|28/4/2015|34.5
1005|00:14:01|28/4/2015|34.5
1006|00:15:01|28/4/2015|34.5
1007|00:16:01|28/4/2015|34.5
1008|00:17:01|28/4/2015|34.4
1009|00:18:01|28/4/2015|34.4
1010|00:19:01|28/4/2015|34.4
1011|00:20:01|28/4/2015|34.4
1012|00:21:01|28/4/2015|34.4
1013|00:22:01|28/4/2015|34.4
1014|00:23:01|28/4/2015|34.4
1015|00:24:01|28/4/2015|34.4
1016|00:25:01|28/4/2015|34.4
1017|00:26:01|28/4/2015|34.4
1018|00:27:01|28/4/2015|34.4
1019|00:28:01|28/4/2015|34.4
1020|00:29:01|28/4/2015|34.3
1021|00:30:01|28/4/2015|34.3
1022|00:31:01|28/4/2015|34.3
1023|00:32:01|28/4/2015|34.3
1024|00:33:01|28/4/2015|34.3
1025|00:34:01|28/4/2015|34.3
1026|00:35:01|28/4/2015|34.3
1027|00:36:01|28/4/2015|34.3
1028|00:37:01|28/4/2015|34.3
1029|00:38:01|28/4/2015|34.3
1030|00:39:01|28/4/2015|34.3
1031|00:40:01|28/4/2015|34.3
1032|00:41:01|28/4/2015|34.2
1033|00:42:01|28/4/2015|34.2
1034|00:43:01|28/4/2015|34.2
1035|00:44:01|28/4/2015|34.2
1036|00:45:01|28/4/2015|34.2
1037|00:46:01|28/4/2015|34.2
1038|00:47:01|28/4/2015|34.2
1039|00:48:01|28/4/2015|34.2
1040|00:49:01|28/4/2015|34.2
1041|00:50:01|28/4/2015|34.2
1042|00:51:01|28/4/2015|34.2
1043|00:52:01|28/4/2015|34.1
1044|00:53:01|28/4/2015|34.1
1045|00:54:01|28/4/2015|34
1046|00:55:01|28/4/2015|34
1047|00:56:01|28/4/2015|34
1048|00:57:01|28/4/2015|34
1049|00:58:01|28/4/2015|34
1050|00:59:01|28/4/2015|34
1051|01:00:01|28/4/2015|34
1052|01:01:01|28/4/2015|34
1053|01:02:01|28/4/2015|34
1054|01:03:01|28/4/2015|34
1055|01:04:01|28/4/2015|34
1056|01:05:01|28/4/2015|33.9
1057|01:06:01|28/4/2015|33.9
1058|01:07:01|28/4/2015|33.9
1059|01:08:01|28/4/2015|33.9
1060|01:09:01|28/4/2015|33.9
1061|01:10:01|28/4/2015|33.9
1062|01:11:01|28/4/2015|33.9
1063|01:12:01|28/4/2015|33.9
1064|01:13:01|28/4/2015|33.9
1065|01:14:01|28/4/2015|33.9
1066|01:15:01|28/4/2015|33.9
1067|01:16:01|28/4/2015|33.8
1068|01:17:01|28/4/2015|33.8
1069|01:18:01|28/4/2015|33.8
1070|01:19:01|28/4/2015|33.8
1071|01:20:01|28/4/2015|33.8
1072|01:21:01|28/4/2015|33.8
1073|01:22:01|28/4/2015|33.8
1074|01:23:01|28/4/2015|33.8
1075|01:24:01|28/4/2015|33.8
1076|01:25:01|28/4/2015|33.8
1077|01:26:01|28/4/2015|33.7
1078|01:27:01|28/4/2015|33.7
1079|01:28:01|28/4/2015|33.7
1080|01:29:01|28/4/2015|33.7
1081|01:30:01|28/4/2015|33.7
1082|01:31:01|28/4/2015|33.7
1083|01:32:01|28/4/2015|33.7
1084|01:33:01|28/4/2015|33.7
1085|01:34:01|28/4/2015|33.7
1086|01:35:01|28/4/2015|33.7
1087|01:36:01|28/4/2015|33.7
1088|01:37:01|28/4/2015|33.7
1089|01:38:01|28/4/2015|33.6
1090|01:39:01|28/4/2015|33.6
1091|01:40:01|28/4/2015|33.6
1092|01:41:01|28/4/2015|33.6
1093|01:42:01|28/4/2015|33.6
1094|01:43:01|28/4/2015|33.6
1095|01:44:01|28/4/2015|33.6
1096|01:45:01|28/4/2015|33.6
1097|01:46:01|28/4/2015|33.6
1098|01:47:01|28/4/2015|33.6
1099|01:48:01|28/4/2015|33.6
1100|01:49:01|28/4/2015|33.6
1101|01:50:01|28/4/2015|33.5
1102|01:51:01|28/4/2015|33.5
1103|01:52:01|28/4/2015|33.5
1104|01:53:01|28/4/2015|33.5
1105|01:54:01|28/4/2015|33.5
1106|01:55:01|28/4/2015|33.5
1107|01:56:01|28/4/2015|33.5
1108|01:57:01|28/4/2015|33.5
1109|01:58:01|28/4/2015|33.5
1110|01:59:01|28/4/2015|33.5
1111|02:00:01|28/4/2015|33.5
1112|02:01:01|28/4/2015|33.4
1113|02:02:01|28/4/2015|33.4
1114|02:03:01|28/4/2015|33.4
1115|02:04:01|28/4/2015|33.4
1116|02:05:01|28/4/2015|33.4
1117|02:06:01|28/4/2015|33.4
1118|02:07:01|28/4/2015|33.4
1119|02:08:01|28/4/2015|33.4
1120|02:09:01|28/4/2015|33.4
1121|02:10:01|28/4/2015|33.4
1122|02:11:01|28/4/2015|33.4
1123|02:12:01|28/4/2015|33.4
1124|02:13:01|28/4/2015|33.3
1125|02:14:01|28/4/2015|33.3
1126|02:15:01|28/4/2015|33.3
1127|02:16:01|28/4/2015|33.3
1128|02:17:01|28/4/2015|33.3
1129|02:18:01|28/4/2015|33.3
1130|02:19:01|28/4/2015|33.3
1131|02:20:01|28/4/2015|33.3
1132|02:21:01|28/4/2015|33.3
1133|02:22:01|28/4/2015|33.3
1134|02:23:01|28/4/2015|33.3
1135|02:24:01|28/4/2015|33.3
1136|02:25:01|28/4/2015|33.3
1137|02:26:01|28/4/2015|33.2
1138|02:27:01|28/4/2015|33.2
1139|02:28:01|28/4/2015|33.2
1140|02:29:01|28/4/2015|33.2
1141|02:30:01|28/4/2015|33.2
1142|02:31:01|28/4/2015|33.2
1143|02:32:01|28/4/2015|33.2
1144|02:33:01|28/4/2015|33.2
1145|02:34:01|28/4/2015|33.2
1146|02:35:01|28/4/2015|33.2
1147|02:36:01|28/4/2015|33.2
1148|02:37:01|28/4/2015|33.1
1149|02:38:01|28/4/2015|33.1
1150|02:39:01|28/4/2015|33.1
1151|02:40:01|28/4/2015|33.1
1152|02:41:01|28/4/2015|33.1
1153|02:42:01|28/4/2015|33.1
1154|02:43:01|28/4/2015|33.1
1155|02:44:01|28/4/2015|33.1
1156|02:45:01|28/4/2015|33.1
1157|02:46:01|28/4/2015|33.1
1158|02:47:01|28/4/2015|33.1
1159|02:48:01|28/4/2015|33.1
1160|02:49:01|28/4/2015|33
1161|02:50:01|28/4/2015|33
1162|02:51:01|28/4/2015|33
1163|02:52:01|28/4/2015|33
1164|02:53:01|28/4/2015|33
1165|02:54:01|28/4/2015|33
1166|02:55:01|28/4/2015|33
1167|02:56:01|28/4/2015|33
1168|02:57:01|28/4/2015|33
1169|02:58:01|28/4/2015|33
1170|02:59:01|28/4/2015|33
1171|03:00:01|28/4/2015|32.9
1172|03:01:01|28/4/2015|32.9
1173|03:02:01|28/4/2015|32.9
1174|03:03:01|28/4/2015|32.9
1175|03:04:01|28/4/2015|32.9
1176|03:05:01|28/4/2015|32.9
1177|03:06:01|28/4/2015|32.9
1178|03:07:01|28/4/2015|32.9
1179|03:08:01|28/4/2015|32.9
1180|03:09:01|28/4/2015|32.9
1181|03:10:01|28/4/2015|32.9
1182|03:11:01|28/4/2015|32.8
1183|03:12:01|28/4/2015|32.8
1184|03:13:01|28/4/2015|32.8
1185|03:14:01|28/4/2015|32.8
1186|03:15:01|28/4/2015|32.8
1187|03:16:01|28/4/2015|32.8
1188|03:17:01|28/4/2015|32.8
1189|03:18:01|28/4/2015|32.8
1190|03:19:01|28/4/2015|32.8
1191|03:20:01|28/4/2015|32.8
1192|03:21:01|28/4/2015|32.8
1193|03:22:01|28/4/2015|32.8
1194|03:23:01|28/4/2015|32.7
1195|03:24:01|28/4/2015|32.7
1196|03:25:01|28/4/2015|32.7
1197|03:26:01|28/4/2015|32.7
1198|03:27:01|28/4/2015|32.7
1199|03:28:01|28/4/2015|32.7
1200|03:29:01|28/4/2015|32.7
1201|03:30:01|28/4/2015|32.7
1202|03:31:01|28/4/2015|32.6
1203|03:32:01|28/4/2015|32.6
1204|03:33:01|28/4/2015|32.6
1205|03:34:01|28/4/2015|32.6
1206|03:35:01|28/4/2015|32.6
1207|03:36:01|28/4/2015|32.6
1208|03:37:01|28/4/2015|32.6
1209|03:38:01|28/4/2015|32.5
1210|03:39:01|28/4/2015|32.5
1211|03:40:01|28/4/2015|32.5
1212|03:41:01|28/4/2015|32.5
1213|03:42:01|28/4/2015|32.5
1214|03:43:01|28/4/2015|32.5
1215|03:44:01|28/4/2015|32.5
1216|03:45:01|28/4/2015|32.5
1217|03:46:01|28/4/2015|32.5
1218|03:47:01|28/4/2015|32.5
1219|03:48:01|28/4/2015|32.4
1220|03:49:01|28/4/2015|32.4
1221|03:50:01|28/4/2015|32.4
1222|03:51:01|28/4/2015|32.4
1223|03:52:01|28/4/2015|32.4
1224|03:53:01|28/4/2015|32.4
1225|03:54:01|28/4/2015|32.4
1226|03:55:01|28/4/2015|32.4
1227|03:56:01|28/4/2015|32.4
1228|03:57:01|28/4/2015|32.4
1229|03:58:01|28/4/2015|32.4
1230|03:59:01|28/4/2015|32.4
1231|04:00:01|28/4/2015|32.3
1232|04:01:01|28/4/2015|32.3
1233|04:02:01|28/4/2015|32.3
1234|04:03:01|28/4/2015|32.3
1235|04:04:01|28/4/2015|32.3
1236|04:05:01|28/4/2015|32.3
1237|04:06:01|28/4/2015|32.3
1238|04:07:01|28/4/2015|32.3
1239|04:08:01|28/4/2015|32.3
1240|04:09:01|28/4/2015|32.3
1241|04:10:01|28/4/2015|32.3
1242|04:11:01|28/4/2015|32.2
1243|04:12:01|28/4/2015|32.2
1244|04:13:01|28/4/2015|32.2
1245|04:14:01|28/4/2015|32.2
1246|04:15:01|28/4/2015|32.2
1247|04:16:01|28/4/2015|32.2
1248|04:17:01|28/4/2015|32.2
1249|04:18:01|28/4/2015|32.2
1250|04:19:01|28/4/2015|32.2
1251|04:20:01|28/4/2015|32.2
1252|04:21:01|28/4/2015|32.2
1253|04:22:01|28/4/2015|32.1
1254|04:23:01|28/4/2015|32.1
1255|04:24:01|28/4/2015|32.1
1256|04:25:01|28/4/2015|32.1
1257|04:26:01|28/4/2015|32.1
1258|04:27:01|28/4/2015|32.1
1259|04:28:01|28/4/2015|32.1
1260|04:29:01|28/4/2015|32.1
1261|04:30:01|28/4/2015|32.1
1262|04:31:01|28/4/2015|32.1
1263|04:32:01|28/4/2015|32.1
1264|04:33:01|28/4/2015|32.1
1265|04:34:01|28/4/2015|32
1266|04:35:01|28/4/2015|32
1267|04:36:01|28/4/2015|32
1268|04:37:01|28/4/2015|32
1269|04:38:01|28/4/2015|32
1270|04:39:01|28/4/2015|32
1271|04:40:01|28/4/2015|32
1272|04:41:01|28/4/2015|32
1273|04:42:01|28/4/2015|32
1274|04:43:01|28/4/2015|32
1275|04:44:01|28/4/2015|32
1276|04:45:01|28/4/2015|32
1277|04:46:01|28/4/2015|31.9
1278|04:47:01|28/4/2015|31.9
1279|04:48:01|28/4/2015|31.9
1280|04:49:01|28/4/2015|31.9
1281|04:50:01|28/4/2015|31.9
1282|04:51:01|28/4/2015|31.9
1283|04:52:01|28/4/2015|31.9
1284|04:53:01|28/4/2015|31.9
1285|04:54:01|28/4/2015|31.9
1286|04:55:01|28/4/2015|31.9
1287|04:56:01|28/4/2015|31.9
1288|04:57:01|28/4/2015|31.9
1289|04:58:01|28/4/2015|31.9
1290|04:59:01|28/4/2015|31.8
1291|05:00:01|28/4/2015|31.8
1292|05:01:01|28/4/2015|31.8
1293|05:02:01|28/4/2015|31.8
1294|05:03:01|28/4/2015|31.8
1295|05:04:01|28/4/2015|31.8
1296|05:05:01|28/4/2015|31.8
1297|05:06:01|28/4/2015|31.8
1298|05:07:01|28/4/2015|31.8
1299|05:08:01|28/4/2015|31.8
1300|05:09:01|28/4/2015|31.8
1301|05:10:01|28/4/2015|31.7
1302|05:11:01|28/4/2015|31.7
1303|05:12:01|28/4/2015|31.7
1304|05:13:01|28/4/2015|31.7
1305|05:14:01|28/4/2015|31.7
1306|05:15:01|28/4/2015|31.7
1307|05:16:01|28/4/2015|31.7
1308|05:17:01|28/4/2015|31.7
1309|05:18:01|28/4/2015|31.7
1310|05:19:01|28/4/2015|31.7
1311|05:20:01|28/4/2015|31.7
1312|05:21:01|28/4/2015|31.7
1313|05:22:01|28/4/2015|31.7
1314|05:23:01|28/4/2015|31.6
1315|05:24:01|28/4/2015|31.6
1316|05:25:01|28/4/2015|31.6
1317|05:26:01|28/4/2015|31.6
1318|05:27:01|28/4/2015|31.6
1319|05:28:01|28/4/2015|31.6
1320|05:29:01|28/4/2015|31.6
1321|05:30:01|28/4/2015|31.6
1322|05:31:01|28/4/2015|31.6
1323|05:32:01|28/4/2015|31.6
1324|05:33:01|28/4/2015|31.6
1325|05:34:01|28/4/2015|31.6
1326|05:35:01|28/4/2015|31.5
1327|05:36:01|28/4/2015|31.5
1328|05:37:01|28/4/2015|31.5
1329|05:38:01|28/4/2015|31.5
1330|05:39:01|28/4/2015|31.5
1331|05:40:01|28/4/2015|31.5
1332|05:41:01|28/4/2015|31.5
1333|05:42:01|28/4/2015|31.5
1334|05:43:01|28/4/2015|31.5
1335|05:44:01|28/4/2015|31.5
1336|05:45:01|28/4/2015|31.5
1337|05:46:01|28/4/2015|31.5
1338|05:47:01|28/4/2015|31.4
1339|05:48:01|28/4/2015|31.4
1340|05:49:01|28/4/2015|31.4
1341|05:50:01|28/4/2015|31.4
1342|05:51:01|28/4/2015|31.4
1343|05:52:01|28/4/2015|31.4
1344|05:53:01|28/4/2015|31.4
1345|05:54:01|28/4/2015|31.4
1346|05:55:01|28/4/2015|31.4
1347|05:56:01|28/4/2015|31.4
1348|05:57:01|28/4/2015|31.4
1349|05:58:01|28/4/2015|31.4
1350|05:59:01|28/4/2015|31.3
1351|06:00:01|28/4/2015|31.3
1352|06:01:01|28/4/2015|31.3
1353|06:02:01|28/4/2015|31.3
1354|06:03:01|28/4/2015|31.3
1355|06:04:01|28/4/2015|31.3
1356|06:05:01|28/4/2015|31.3
1357|06:06:01|28/4/2015|31.3
1358|06:07:01|28/4/2015|31.3
1359|06:08:01|28/4/2015|31.3
1360|06:09:01|28/4/2015|31.3
1361|06:10:01|28/4/2015|31.3
1362|06:11:01|28/4/2015|31.3
1363|06:12:01|28/4/2015|31.3
1364|06:13:01|28/4/2015|31.3
1365|06:14:01|28/4/2015|31.3
1366|06:15:01|28/4/2015|31.3
1367|06:16:01|28/4/2015|31.2
1368|06:17:01|28/4/2015|31.2
1369|06:18:01|28/4/2015|31.2
1370|06:19:01|28/4/2015|31.2
1371|06:20:01|28/4/2015|31.2
1372|06:21:01|28/4/2015|31.2
1373|06:22:01|28/4/2015|31.2
1374|06:23:01|28/4/2015|31.2
1375|06:24:01|28/4/2015|31.2
1376|06:25:01|28/4/2015|31.2
1377|06:26:01|28/4/2015|31.2
1378|06:27:01|28/4/2015|31.2
1379|06:28:01|28/4/2015|31.2
1380|06:29:01|28/4/2015|31.2
1381|06:30:01|28/4/2015|31.2
1382|06:31:01|28/4/2015|31.2
1383|06:32:01|28/4/2015|31.1
1384|06:33:01|28/4/2015|31.1
1385|06:34:01|28/4/2015|31.1
1386|06:35:01|28/4/2015|31.1
1387|06:36:01|28/4/2015|31.1
1388|06:37:01|28/4/2015|31.1
1389|06:38:01|28/4/2015|31.1
1390|06:39:01|28/4/2015|31.1
1391|06:40:01|28/4/2015|31.1
1392|06:41:01|28/4/2015|31.1
1393|06:42:01|28/4/2015|31.1
1394|06:43:01|28/4/2015|31.1
1395|06:44:01|28/4/2015|31.1
1396|06:45:01|28/4/2015|31
1397|06:46:01|28/4/2015|31
1398|06:47:01|28/4/2015|31
1399|06:48:01|28/4/2015|31
1400|06:49:01|28/4/2015|31
1401|06:50:01|28/4/2015|31
1402|06:51:01|28/4/2015|31
1403|06:52:01|28/4/2015|30.9
1404|06:53:01|28/4/2015|30.9
1405|06:54:01|28/4/2015|30.9
1406|06:55:01|28/4/2015|30.9
1407|06:56:01|28/4/2015|30.9
1408|06:57:01|28/4/2015|30.9
1409|06:58:01|28/4/2015|30.9
1410|06:59:01|28/4/2015|30.9
1411|07:00:01|28/4/2015|30.9
1412|07:01:01|28/4/2015|30.9
1413|07:02:01|28/4/2015|30.9
1414|07:03:01|28/4/2015|30.8
1415|07:04:01|28/4/2015|30.8
1416|07:05:01|28/4/2015|30.8
1417|07:06:01|28/4/2015|30.8
1418|07:07:01|28/4/2015|30.8
1419|07:08:01|28/4/2015|30.8
1420|07:09:01|28/4/2015|30.8
1421|07:10:01|28/4/2015|30.8
1422|07:11:01|28/4/2015|30.8
1423|07:12:01|28/4/2015|30.8
1424|07:13:01|28/4/2015|30.8
1425|07:14:01|28/4/2015|30.8
1426|07:15:01|28/4/2015|30.8
1427|07:16:01|28/4/2015|30.8
1428|07:17:01|28/4/2015|30.8
1429|07:18:01|28/4/2015|30.8
1430|07:19:01|28/4/2015|30.8
1431|07:20:01|28/4/2015|30.7
1432|07:21:01|28/4/2015|30.7
1433|07:22:01|28/4/2015|30.7
1434|07:23:01|28/4/2015|30.7
1435|07:24:01|28/4/2015|30.7
1436|07:25:01|28/4/2015|30.7
1437|07:26:01|28/4/2015|30.7
1438|07:27:01|28/4/2015|30.7
1439|07:28:01|28/4/2015|30.7
